¿œ∫∞,TOTAL
2010-01-01,71989290.23
2010-01-02,76572285.61
2010-01-03,79712036.68
2010-01-04,103948675.5
2010-01-05,123681461.1
2010-01-06,121720925
2010-01-07,128844950.2
2010-01-08,133531226.6
2010-01-09,99280052.73
2010-01-10,85094638.88
2010-01-11,116935613.9
2010-01-12,125858575.1
2010-01-13,124775089
2010-01-14,136974425.9
2010-01-15,123324264.4
2010-01-16,97739838.69
2010-01-17,87534408.54
2010-01-18,109448276.5
2010-01-19,110694615.8
2010-01-20,104725960.1
2010-01-21,109219930.9
2010-01-22,109815098.5
2010-01-23,93704058.61
2010-01-24,83452357.35
2010-01-25,103395795.5
2010-01-26,113767949.9
2010-01-27,107840975.9
2010-01-28,105355840.4
2010-01-29,104444639.9
2010-01-30,89143855.94
2010-01-31,79284879.34
2010-02-01,100873995.7
2010-02-02,111891068.5
2010-02-03,116034491.1
2010-02-04,114177192.7
2010-02-05,110987013.6
2010-02-06,91213307.56
2010-02-07,78309279.42
2010-02-08,101500486.9
2010-02-09,101032664.8
2010-02-10,101987678.7
2010-02-11,102986588.7
2010-02-12,90071725.07
2010-02-13,57642568.39
2010-02-14,52417934.09
2010-02-15,51660015.93
2010-02-16,78497438.2
2010-02-17,106967754.2
2010-02-18,123607580.5
2010-02-19,121136193
2010-02-20,91755175.52
2010-02-21,78407094.11
2010-02-22,101758444.2
2010-02-23,105642308.2
2010-02-24,98290085.24
2010-02-25,95170742.62
2010-02-26,87497366.26
2010-02-27,78187898.47
2010-02-28,68859441.35
2010-03-01,70035262.17
2010-03-02,90012156.28
2010-03-03,92712502.78
2010-03-04,94080997.01
2010-03-05,94386286.9
2010-03-06,83585940.11
2010-03-07,68921008.62
2010-03-08,98936054.4
2010-03-09,98037906.68
2010-03-10,107341351.5
2010-03-11,112971368.9
2010-03-12,100219863.7
2010-03-13,78549601.89
2010-03-14,72335296.5
2010-03-15,95434082.27
2010-03-16,100982138.8
2010-03-17,106241873.2
2010-03-18,108184300.8
2010-03-19,105212518.4
2010-03-20,81408341.07
2010-03-21,70411217.84
2010-03-22,95899663.92
2010-03-23,103990481.7
2010-03-24,98496556.18
2010-03-25,98764336.29
2010-03-26,100921614.4
2010-03-27,81283329.65
2010-03-28,70197865.63
2010-03-29,102184341.8
2010-03-30,99014331.09
2010-03-31,103481006.3
2010-04-01,99532642.36
2010-04-02,99419996.77
2010-04-03,83661778.9
2010-04-04,69157037.21
2010-04-05,99065569.35
2010-04-06,89024402.13
2010-04-07,95164387.55
2010-04-08,95882039.32
2010-04-09,90376957.26
2010-04-10,78153131.98
2010-04-11,67510708.68
2010-04-12,91377474.86
2010-04-13,89076267.29
2010-04-14,93223637.94
2010-04-15,93552705.72
2010-04-16,93744660.45
2010-04-17,78825218.76
2010-04-18,63525582.31
2010-04-19,80976854.78
2010-04-20,79667195.34
2010-04-21,79436043.64
2010-04-22,82051725.44
2010-04-23,80092242.16
2010-04-24,70133542.29
2010-04-25,60342374.53
2010-04-26,79633285.15
2010-04-27,81933573.44
2010-04-28,89131192.8
2010-04-29,85583537.96
2010-04-30,81724868.59
2010-05-01,67226770.3
2010-05-02,62953953.43
2010-05-03,80880931.16
2010-05-04,82094162.13
2010-05-05,72690629.72
2010-05-06,83086639.55
2010-05-07,84056690.44
2010-05-08,68976189.92
2010-05-09,62805538.73
2010-05-10,79479160.35
2010-05-11,84217361.48
2010-05-12,84492238.26
2010-05-13,83714944.96
2010-05-14,83961557.51
2010-05-15,70666251.63
2010-05-16,62733404.82
2010-05-17,78736944.42
2010-05-18,83653356.77
2010-05-19,83900816.27
2010-05-20,82755551.98
2010-05-21,74181626.6
2010-05-22,71044593.25
2010-05-23,65021681.67
2010-05-24,82174385.18
2010-05-25,89137692.68
2010-05-26,87152871.84
2010-05-27,86856031.15
2010-05-28,85736649.28
2010-05-29,74697497.48
2010-05-30,65590806.13
2010-05-31,81365410.11
2010-06-01,88307594.41
2010-06-02,75988536.9
2010-06-03,86430755.95
2010-06-04,87810483.44
2010-06-05,73179925.11
2010-06-06,65729449.58
2010-06-07,83059242.78
2010-06-08,94579674.39
2010-06-09,95990983.46
2010-06-10,96782499.74
2010-06-11,97139605.1
2010-06-12,73649632.28
2010-06-13,62298907.16
2010-06-14,84163063.53
2010-06-15,90394503.8
2010-06-16,99063334.2
2010-06-17,90164062.4
2010-06-18,89675302.8
2010-06-19,77796961.29
2010-06-20,62530333.82
2010-06-21,84935947.12
2010-06-22,88501378.11
2010-06-23,86742206.43
2010-06-24,88971191.28
2010-06-25,89015267.87
2010-06-26,76081842.38
2010-06-27,60457776.54
2010-06-28,81287368.71
2010-06-29,87084088.79
2010-06-30,85594785.63
2010-07-01,94988386.2
2010-07-02,94673946.81
2010-07-03,82996615.39
2010-07-04,67862163.73
2010-07-05,89559239.25
2010-07-06,101202189
2010-07-07,100577731.5
2010-07-08,100138442.4
2010-07-09,99794566.77
2010-07-10,82256752.35
2010-07-11,66808993.23
2010-07-12,91031728.66
2010-07-13,95633098.86
2010-07-14,96308494.84
2010-07-15,98866195.81
2010-07-16,98710213.43
2010-07-17,84112187.22
2010-07-18,71669907.21
2010-07-19,97558273.82
2010-07-20,105064567.6
2010-07-21,108340928.8
2010-07-22,109027219.7
2010-07-23,105819267.1
2010-07-24,83995398.18
2010-07-25,71466739.71
2010-07-26,93791611.98
2010-07-27,106376184.2
2010-07-28,107073258.3
2010-07-29,109163142.7
2010-07-30,98449737.14
2010-07-31,80066943.58
2010-08-01,68830588.6
2010-08-02,81239629.49
2010-08-03,80133453.67
2010-08-04,85908550.68
2010-08-05,95896893.79
2010-08-06,97548683.63
2010-08-07,82413058.45
2010-08-08,71741360.94
2010-08-09,99859319.64
2010-08-10,101944135.3
2010-08-11,98210474
2010-08-12,96149826.9
2010-08-13,97236481.61
2010-08-14,80619610.57
2010-08-15,70901888.22
2010-08-16,92533534.69
2010-08-17,96531383.59
2010-08-18,100945669.8
2010-08-19,106443266.8
2010-08-20,109776245.7
2010-08-21,93177766.66
2010-08-22,77521989.58
2010-08-23,104463743.6
2010-08-24,107475741.3
2010-08-25,102396402
2010-08-26,100016330
2010-08-27,106611380.4
2010-08-28,91237227.16
2010-08-29,74208803.82
2010-08-30,101698921
2010-08-31,105448963.9
2010-09-01,99956946.89
2010-09-02,92916148.06
2010-09-03,99080489.07
2010-09-04,87728303.88
2010-09-05,68994185.84
2010-09-06,94257174.47
2010-09-07,95613773.55
2010-09-08,89796052.06
2010-09-09,89650744.16
2010-09-10,89478091.73
2010-09-11,78739609.01
2010-09-12,67469029.38
2010-09-13,88948131.51
2010-09-14,89661335.62
2010-09-15,89021161.53
2010-09-16,89875406.4
2010-09-17,92004190.91
2010-09-18,82918611.41
2010-09-19,71182974.1
2010-09-20,73952072.97
2010-09-21,52483552.85
2010-09-22,35588544.5
2010-09-23,40130662.17
2010-09-24,56704214.55
2010-09-25,61909658.35
2010-09-26,62683013.72
2010-09-27,83926745.79
2010-09-28,85185683.87
2010-09-29,84514682.35
2010-09-30,79900909.75
2010-10-01,77498674.43
2010-10-02,72023527.06
2010-10-03,60728818.38
2010-10-04,75291509.71
2010-10-05,75255628.33
2010-10-06,78398635.12
2010-10-07,79767732.39
2010-10-08,78348774.07
2010-10-09,67280327.9
2010-10-10,59200702.02
2010-10-11,73665474.78
2010-10-12,78911000.29
2010-10-13,78603819.11
2010-10-14,79120623.02
2010-10-15,78426977.8
2010-10-16,68963802.04
2010-10-17,59302918.09
2010-10-18,74232298.57
2010-10-19,80287288.73
2010-10-20,80450129.2
2010-10-21,80038099.3
2010-10-22,79293879.76
2010-10-23,68145481.11
2010-10-24,59954760.24
2010-10-25,74650799.7
2010-10-26,83290053.67
2010-10-27,82820782.21
2010-10-28,85829097.06
2010-10-29,84129228.59
2010-10-30,69110589.26
2010-10-31,59997940.77
2010-11-01,74613554.66
2010-11-02,81340435.42
2010-11-03,82712802.46
2010-11-04,81369033.48
2010-11-05,79462870.67
2010-11-06,66801368.91
2010-11-07,58069344.92
2010-11-08,73194371.57
2010-11-09,83906242.41
2010-11-10,80821773.97
2010-11-11,80046091.95
2010-11-12,80969019.14
2010-11-13,70041145.66
2010-11-14,60039372.5
2010-11-15,80897635.04
2010-11-16,86770025.89
2010-11-17,86100854.57
2010-11-18,90747775.39
2010-11-19,89980869.83
2010-11-20,73578204.35
2010-11-21,62812713.24
2010-11-22,80079617.58
2010-11-23,85519432.87
2010-11-24,84703109.78
2010-11-25,86266649.96
2010-11-26,88793731.2
2010-11-27,78367498.35
2010-11-28,67558878.82
2010-11-29,90043035.58
2010-11-30,92968013.18
2010-12-01,92539096.31
2010-12-02,91597605.6
2010-12-03,98338531.63
2010-12-04,82848163.71
2010-12-05,69645743.05
2010-12-06,91821619.28
2010-12-07,102187191.6
2010-12-08,102376688.6
2010-12-09,105622245.4
2010-12-10,103572846.9
2010-12-11,84528266.34
2010-12-12,74636564.28
2010-12-13,105107172.9
2010-12-14,106869156.5
2010-12-15,120188775.9
2010-12-16,120871825.7
2010-12-17,125952750.1
2010-12-18,92729747.35
2010-12-19,77660789.2
2010-12-20,109873030.2
2010-12-21,110504913.3
2010-12-22,119886868.8
2010-12-23,114266811.4
2010-12-24,132048584.2
2010-12-25,92293489.79
2010-12-26,84582360.16
2010-12-27,116797199.2
2010-12-28,119236619.7
2010-12-29,118968663.5
2010-12-30,116902718
2010-12-31,102542798.9
2011-01-01,86977199.17
2011-01-02,87211326.93
2011-01-03,126645385
2011-01-04,134863173.3
2011-01-05,132740868.3
2011-01-06,137380209
2011-01-07,139377281.1
2011-01-08,112686974.2
2011-01-09,96371645.85
2011-01-10,134249812.3
2011-01-11,145446841
2011-01-12,142795445.1
2011-01-13,144323628.9
2011-01-14,141595675.6
2011-01-15,116892160.9
2011-01-16,103388868.3
2011-01-17,135654858.8
2011-01-18,138807432.7
2011-01-19,138356656.4
2011-01-20,140372578.4
2011-01-21,139949317.5
2011-01-22,115461199.4
2011-01-23,97546908.83
2011-01-24,130911176.7
2011-01-25,142083538.3
2011-01-26,141379837.4
2011-01-27,139327186.6
2011-01-28,137289338.9
2011-01-29,116388669
2011-01-30,103176978.6
2011-01-31,130602425.1
2011-02-01,105521454.6
2011-02-02,65812414.98
2011-02-03,55638960.85
2011-02-04,60575866.92
2011-02-05,69908825.27
2011-02-06,75791949.19
2011-02-07,111550708.4
2011-02-08,123094096.6
2011-02-09,123958541.6
2011-02-10,114004573
2011-02-11,111539394.8
2011-02-12,105715733.1
2011-02-13,89313196.73
2011-02-14,119187075.1
2011-02-15,115817295.3
2011-02-16,114112605.8
2011-02-17,115064033.6
2011-02-18,112608862.9
2011-02-19,98643019.72
2011-02-20,81825391.57
2011-02-21,108010638
2011-02-22,112558110.9
2011-02-23,111557445.7
2011-02-24,99413340.48
2011-02-25,96724910.07
2011-02-26,91061016.29
2011-02-27,77634494.58
2011-02-28,100466847.7
2011-03-01,97471546.96
2011-03-02,124485734
2011-03-03,117651093.1
2011-03-04,113805902.9
2011-03-05,98834359.44
2011-03-06,82617308.57
2011-03-07,109670013.5
2011-03-08,115592381
2011-03-09,116156434.1
2011-03-10,116350874.7
2011-03-11,110972231.5
2011-03-12,93671561.77
2011-03-13,78773654.26
2011-03-14,99171731.44
2011-03-15,106739250.6
2011-03-16,112471534
2011-03-17,112911106.9
2011-03-18,108335838.3
2011-03-19,88711951.5
2011-03-20,77430743.31
2011-03-21,109214592.7
2011-03-22,106847649.8
2011-03-23,107900302.5
2011-03-24,109977898.5
2011-03-25,110130452.3
2011-03-26,90930973.24
2011-03-27,78060403.61
2011-03-28,100759714.5
2011-03-29,103673501.7
2011-03-30,100778234.9
2011-03-31,99607538.65
2011-04-01,93641538.37
2011-04-02,81611802.41
2011-04-03,69724681.22
2011-04-04,90596845.47
2011-04-05,96255700.75
2011-04-06,94444822.08
2011-04-07,96472378.53
2011-04-08,92624999.02
2011-04-09,83749690.07
2011-04-10,70560074.3
2011-04-11,90645121.94
2011-04-12,93405237.24
2011-04-13,95255986.56
2011-04-14,93884196.32
2011-04-15,94031545.24
2011-04-16,81218785.84
2011-04-17,71517432.01
2011-04-18,95435360.05
2011-04-19,98020484.9
2011-04-20,95959274.92
2011-04-21,95130097.8
2011-04-22,99529059.94
2011-04-23,85194146.82
2011-04-24,75171751.55
2011-04-25,91737177.42
2011-04-26,99332742.01
2011-04-27,99557548.77
2011-04-28,98223852.68
2011-04-29,95027401.35
2011-04-30,84001036.71
2011-05-01,71164609.84
2011-05-02,92648243.9
2011-05-03,94336956.67
2011-05-04,94600199.21
2011-05-05,84232508.97
2011-05-06,89960674.08
2011-05-07,78793009.68
2011-05-08,70078298.17
2011-05-09,80588334.02
2011-05-10,85555574.63
2011-05-11,90333466.38
2011-05-12,88145568.4
2011-05-13,87524432.44
2011-05-14,82811720.95
2011-05-15,68820625
2011-05-16,82479441.83
2011-05-17,88034218.34
2011-05-18,89919092.93
2011-05-19,94254091.16
2011-05-20,93244638.06
2011-05-21,82773451.33
2011-05-22,71655810.13
2011-05-23,85653776.71
2011-05-24,92951862.67
2011-05-25,92902747.81
2011-05-26,93073599.87
2011-05-27,91578065.73
2011-05-28,81947418.52
2011-05-29,71607817.69
2011-05-30,85900780.44
2011-05-31,93260474.52
2011-06-01,95248343.33
2011-06-02,97400106.91
2011-06-03,95594761.81
2011-06-04,84291174.46
2011-06-05,72386944.26
2011-06-06,76398215.04
2011-06-07,94852866.39
2011-06-08,100250880.1
2011-06-09,101391466.4
2011-06-10,102065343.3
2011-06-11,88634960.72
2011-06-12,75130390.13
2011-06-13,92980261.33
2011-06-14,103156397.1
2011-06-15,104437999.5
2011-06-16,106145856.1
2011-06-17,104313730.1
2011-06-18,88531989.94
2011-06-19,75091685.18
2011-06-20,98196568.58
2011-06-21,111500554.2
2011-06-22,105913351.9
2011-06-23,106818251.7
2011-06-24,105583113.2
2011-06-25,86436609.52
2011-06-26,76169661.83
2011-06-27,95155655.07
2011-06-28,109226622
2011-06-29,112592007.9
2011-06-30,111668530.3
2011-07-01,112492611.6
2011-07-02,96235332.23
2011-07-03,77107001.75
2011-07-04,97376824.55
2011-07-05,108056280.3
2011-07-06,104355318.5
2011-07-07,102811269.7
2011-07-08,104557193.7
2011-07-09,90864783.19
2011-07-10,77016696.92
2011-07-11,96455535.56
2011-07-12,104463377.7
2011-07-13,104677062.8
2011-07-14,105641641
2011-07-15,107619958.4
2011-07-16,92406582.33
2011-07-17,79044080.7
2011-07-18,107543850.6
2011-07-19,118591169.3
2011-07-20,118940890
2011-07-21,109803075.6
2011-07-22,104984914.8
2011-07-23,92013992.1
2011-07-24,78559613.48
2011-07-25,102754499.5
2011-07-26,109565808.5
2011-07-27,106895202.7
2011-07-28,108196209
2011-07-29,108022892.9
2011-07-30,89680473.14
2011-07-31,76875368.89
2011-08-01,84477705.63
2011-08-02,86867866.01
2011-08-03,90452461.5
2011-08-04,96780466.6
2011-08-05,102270596
2011-08-06,93418557.91
2011-08-07,81958511.08
2011-08-08,102740284.4
2011-08-09,106578796.9
2011-08-10,107689630.1
2011-08-11,110597524.5
2011-08-12,107469289.6
2011-08-13,90604266.05
2011-08-14,78536975.81
2011-08-15,85557296.4
2011-08-16,106503316.9
2011-08-17,105976789.9
2011-08-18,107439090.4
2011-08-19,103320339.2
2011-08-20,86430973.73
2011-08-21,75230913.56
2011-08-22,94567888.78
2011-08-23,102045003.6
2011-08-24,99307538.39
2011-08-25,102742480.2
2011-08-26,103165368.8
2011-08-27,93207261.21
2011-08-28,80980732.33
2011-08-29,109611379.4
2011-08-30,118876464.2
2011-08-31,121337405.7
2011-09-01,114311370.9
2011-09-02,116590106.4
2011-09-03,90546747.32
2011-09-04,72691981.86
2011-09-05,97881502.13
2011-09-06,109434019.2
2011-09-07,106515323
2011-09-08,100579887.7
2011-09-09,97107446.4
2011-09-10,76145205.01
2011-09-11,56848959.2
2011-09-12,44106250.59
2011-09-13,52602716.04
2011-09-14,80525470.06
2011-09-15,112324842.1
2011-09-16,132075235.4
2011-09-17,107417686.4
2011-09-18,81702515.29
2011-09-19,114354527.7
2011-09-20,118330573.5
2011-09-21,112975050.1
2011-09-22,101765601.3
2011-09-23,102253052.7
2011-09-24,101488108
2011-09-25,77327795.74
2011-09-26,103024185.5
2011-09-27,103487367.9
2011-09-28,102040366.8
2011-09-29,105101848.6
2011-09-30,98457351.42
2011-10-01,83908529
2011-10-02,69598704.28
2011-10-03,74655347.55
2011-10-04,92180853.66
2011-10-05,93252486.06
2011-10-06,93090556.23
2011-10-07,94725018.14
2011-10-08,81470726.34
2011-10-09,69987895.46
2011-10-10,89764632.62
2011-10-11,95139728.85
2011-10-12,95337829.89
2011-10-13,95972310.37
2011-10-14,95895151.28
2011-10-15,79231571.43
2011-10-16,66906055.18
2011-10-17,86302610.91
2011-10-18,95458615.78
2011-10-19,93877282.46
2011-10-20,93744482.87
2011-10-21,93042077.13
2011-10-22,79839922.45
2011-10-23,67424554.37
2011-10-24,89297694.95
2011-10-25,94698187.71
2011-10-26,97648014.52
2011-10-27,96960679.98
2011-10-28,97574921.33
2011-10-29,85022890.64
2011-10-30,72247950.38
2011-10-31,87712661.73
2011-11-01,99005124.82
2011-11-02,101794820.6
2011-11-03,100636162.1
2011-11-04,101121631.4
2011-11-05,87248362.65
2011-11-06,72983493.16
2011-11-07,94116847.36
2011-11-08,102189560.6
2011-11-09,106346115.5
2011-11-10,102898489.1
2011-11-11,99392384.77
2011-11-12,85150763.63
2011-11-13,73527889.19
2011-11-14,95565841.62
2011-11-15,104626776.1
2011-11-16,104159755.4
2011-11-17,102763983.7
2011-11-18,104456289.9
2011-11-19,89958273.78
2011-11-20,81743563.49
2011-11-21,107327004.7
2011-11-22,116980303.1
2011-11-23,119703412.2
2011-11-24,126224429
2011-11-25,134698779.5
2011-11-26,100772123.4
2011-11-27,85086721.89
2011-11-28,116470729.4
2011-11-29,117276272.3
2011-11-30,114644092.6
2011-12-01,120989602.7
2011-12-02,119188622.6
2011-12-03,100041931.3
2011-12-04,88056537.18
2011-12-05,119721520.5
2011-12-06,123880278.3
2011-12-07,124149657.3
2011-12-08,129626453.6
2011-12-09,136286311.2
2011-12-10,110237487.6
2011-12-11,92043624.38
2011-12-12,125266003.3
2011-12-13,131625139.7
2011-12-14,135914883
2011-12-15,155201667.1
2011-12-16,155947784
2011-12-17,119188822.1
2011-12-18,98840965.91
2011-12-19,134731654.6
2011-12-20,139521818.3
2011-12-21,138457207.5
2011-12-22,149622065.1
2011-12-23,140718332.6
2011-12-24,109738859.2
2011-12-25,94896682.05
2011-12-26,137098972.3
2011-12-27,140949960.9
2011-12-28,135151410.3
2011-12-29,132095918
2011-12-30,124958145.7
2011-12-31,92524952.37
2012-01-01,97088874.03
2012-01-02,144825728.7
2012-01-03,156804247.6
2012-01-04,166358646.6
2012-01-05,162924094.3
2012-01-06,162138402.6
2012-01-07,128859870.3
2012-01-08,113791250.5
2012-01-09,157086577.9
2012-01-10,163069122
2012-01-11,165883179.1
2012-01-12,165895674
2012-01-13,164698095.7
2012-01-14,130934323.1
2012-01-15,112338952.5
2012-01-16,153103868.3
2012-01-17,151348998.3
2012-01-18,153447917.9
2012-01-19,148459308.7
2012-01-20,133485583.3
2012-01-21,108016882.3
2012-01-22,89425908.17
2012-01-23,80135555.06
2012-01-24,86797287.88
2012-01-25,125845394.6
2012-01-26,151477354.3
2012-01-27,151545411.2
2012-01-28,127003002.7
2012-01-29,110617150.8
2012-01-30,154321625.7
2012-01-31,164703480.8
2012-02-01,164501362.9
2012-02-02,173996509.3
2012-02-03,171918492.7
2012-02-04,124346788.7
2012-02-05,103411854.8
2012-02-06,137660753.3
2012-02-07,183970891.5
2012-02-08,202688082.2
2012-02-09,172848068.7
2012-02-10,167332249.4
2012-02-11,124210694.5
2012-02-12,102310457.2
2012-02-13,146490776.2
2012-02-14,145130256.7
2012-02-15,152562839.9
2012-02-16,146156446.5
2012-02-17,146341257.3
2012-02-18,120640328.7
2012-02-19,101757101.7
2012-02-20,134011339.1
2012-02-21,137320057.8
2012-02-22,131332675.8
2012-02-23,130433862.8
2012-02-24,126896220.5
2012-02-25,110599580.8
2012-02-26,97795034.8
2012-02-27,153326861.6
2012-02-28,137988336.9
2012-02-29,129636774.4
2012-03-01,109371630.3
2012-03-02,147551319
2012-03-03,111307531.7
2012-03-04,95042706.53
2012-03-05,149893173.4
2012-03-06,160761883.6
2012-03-07,158532877.3
2012-03-08,158279131.8
2012-03-09,160001127.9
2012-03-10,118010070.3
2012-03-11,102279024.4
2012-03-12,160674547
2012-03-13,164245174.9
2012-03-14,162863632.5
2012-03-15,161651535.9
2012-03-16,166939779.5
2012-03-17,122245351.2
2012-03-18,96435556.81
2012-03-19,160744608.4
2012-03-20,162002202.9
2012-03-21,156306768.7
2012-03-22,168704156.9
2012-03-23,163600167.6
2012-03-24,121611399.5
2012-03-25,98920662.76
2012-03-26,149478375.5
2012-03-27,149118275.6
2012-03-28,141430495.7
2012-03-29,145692294.5
2012-03-30,149700196.9
2012-03-31,112225928.4
2012-04-01,91451060.69
2012-04-02,126620422.8
2012-04-03,162962183.9
2012-04-04,144707904.7
2012-04-05,143829753.1
2012-04-06,146105512.4
2012-04-07,117067563
2012-04-08,94696555.92
2012-04-09,134594015.8
2012-04-10,140135106.6
2012-04-11,116354496.5
2012-04-12,123702703.2
2012-04-13,139940131.1
2012-04-14,110953943.9
2012-04-15,88977352.27
2012-04-16,119688381.6
2012-04-17,139163721.5
2012-04-18,136789394.7
2012-04-19,129956156.3
2012-04-20,130617530
2012-04-21,115859668
2012-04-22,91726994.75
2012-04-23,119236747.9
2012-04-24,121172744.2
2012-04-25,137401871.9
2012-04-26,127962121.6
2012-04-27,115653443.4
2012-04-28,93722299.55
2012-04-29,81472621.75
2012-04-30,109627841.8
2012-05-01,103118595.4
2012-05-02,125383219.7
2012-05-03,129478624.5
2012-05-04,132337498.5
2012-05-05,101361919.7
2012-05-06,88766301.63
2012-05-07,106108718.4
2012-05-08,117107896.7
2012-05-09,117089998.3
2012-05-10,118169535
2012-05-11,112085845.1
2012-05-12,92781976.41
2012-05-13,79109413.29
2012-05-14,108256737.5
2012-05-15,109699692.6
2012-05-16,107130678.7
2012-05-17,110088345.9
2012-05-18,113149000
2012-05-19,96035896.26
2012-05-20,80906694.99
2012-05-21,117515815.1
2012-05-22,125510457.2
2012-05-23,121645855.9
2012-05-24,116500553.8
2012-05-25,114683466.5
2012-05-26,99733261.49
2012-05-27,80964148.2
2012-05-28,90546305.4
2012-05-29,114704739.9
2012-05-30,120267077.8
2012-05-31,119831404.6
2012-06-01,116711683.7
2012-06-02,100327379.7
2012-06-03,80872365.55
2012-06-04,110026272.7
2012-06-05,121709613.2
2012-06-06,105957594.4
2012-06-07,126157993.4
2012-06-08,125501621.7
2012-06-09,104770444.4
2012-06-10,83709232.14
2012-06-11,118331064.3
2012-06-12,122703683
2012-06-13,118018508.5
2012-06-14,120431417.7
2012-06-15,118523551.4
2012-06-16,97817745.36
2012-06-17,79563293.06
2012-06-18,113429215.2
2012-06-19,118001201.7
2012-06-20,119500057.8
2012-06-21,122352234.8
2012-06-22,119908478.3
2012-06-23,100941866.6
2012-06-24,85029054.75
2012-06-25,119964587.8
2012-06-26,120947023.7
2012-06-27,120793337.6
2012-06-28,122275552.8
2012-06-29,126624433.2
2012-06-30,102622337.9
2012-07-01,96346147.23
2012-07-02,131027447.2
2012-07-03,138636240.2
2012-07-04,140284906.8
2012-07-05,140334950.1
2012-07-06,138058866.2
2012-07-07,112033227.4
2012-07-08,97309369.06
2012-07-09,134017383.4
2012-07-10,138347527.2
2012-07-11,137433593.7
2012-07-12,136928517.4
2012-07-13,138750586.4
2012-07-14,113835631.4
2012-07-15,93442726.21
2012-07-16,126340594.6
2012-07-17,136304069.4
2012-07-18,139387563.8
2012-07-19,138542101
2012-07-20,138179579.1
2012-07-21,119504969.7
2012-07-22,101922085.3
2012-07-23,136040868.7
2012-07-24,146912610
2012-07-25,151280497.4
2012-07-26,152771865.8
2012-07-27,152130505.7
2012-07-28,126848262.5
2012-07-29,108025866.4
2012-07-30,135592928.2
2012-07-31,139964687.1
2012-08-01,132766810.1
2012-08-02,128896472.2
2012-08-03,131675634.5
2012-08-04,111739016.6
2012-08-05,106561166.7
2012-08-06,139290560.1
2012-08-07,142784146.2
2012-08-08,143663963.7
2012-08-09,146656846.1
2012-08-10,138690613.1
2012-08-11,113810552.3
2012-08-12,94028584.36
2012-08-13,122732256.9
2012-08-14,125301250.7
2012-08-15,111357531.2
2012-08-16,120224722.2
2012-08-17,129031273.5
2012-08-18,109353078.7
2012-08-19,97153395.95
2012-08-20,125090585.2
2012-08-21,135151602.2
2012-08-22,123135229
2012-08-23,120155592.9
2012-08-24,117956540.1
2012-08-25,102996418.7
2012-08-26,94054587.61
2012-08-27,123743931.1
2012-08-28,121534081.5
2012-08-29,121517821.7
2012-08-30,115954127.2
2012-08-31,109698791.7
2012-09-01,81073481.98
2012-09-02,64436850.89
2012-09-03,93221080.21
2012-09-04,97755876.43
2012-09-05,95800342.5
2012-09-06,92357299.41
2012-09-07,90400596.51
2012-09-08,77039825.07
2012-09-09,61951589.59
2012-09-10,85386864.68
2012-09-11,91140070.3
2012-09-12,89875153.69
2012-09-13,90784827.2
2012-09-14,87139692.23
2012-09-15,76155043.16
2012-09-16,63889098.63
2012-09-17,85770485.74
2012-09-18,92453911.69
2012-09-19,91209685.19
2012-09-20,90561387.15
2012-09-21,90772894.18
2012-09-22,78735356.18
2012-09-23,66190444.25
2012-09-24,87598317.1
2012-09-25,93974482.88
2012-09-26,90885267.86
2012-09-27,89584541.34
2012-09-28,77654806.31
2012-09-29,47966282.88
2012-09-30,39757769.36
2012-10-01,41551137.15
2012-10-02,56380151.74
2012-10-03,66063881.57
2012-10-04,89282055.07
2012-10-05,97071588.16
2012-10-06,82110380.65
2012-10-07,69325507.61
2012-10-08,95409602.58
2012-10-09,98203947.27
2012-10-10,101179866.7
2012-10-11,97698768.82
2012-10-12,97712822.79
2012-10-13,80900904.15
2012-10-14,65201102.18
2012-10-15,93330227.64
2012-10-16,93489853.58
2012-10-17,96300351.02
2012-10-18,99806165.81
2012-10-19,94064334.83
2012-10-20,74894076.27
2012-10-21,63378873.98
2012-10-22,86148737.75
2012-10-23,92392525.3
2012-10-24,91420118.5
2012-10-25,94127051.56
2012-10-26,89686677.67
2012-10-27,78183342.27
2012-10-28,65373068.65
2012-10-29,95426319.35
2012-10-30,105747213.1
2012-10-31,107951582.1
2012-11-01,99556523.8
2012-11-02,93675624.21
2012-11-03,80060647.64
2012-11-04,71256945.88
2012-11-05,92963503.76
2012-11-06,103201077.1
2012-11-07,106487928.9
2012-11-08,100677143.6
2012-11-09,101116743.3
2012-11-10,81466778.86
2012-11-11,70806409.05
2012-11-12,95711536.99
2012-11-13,107885238.7
2012-11-14,110206491.5
2012-11-15,106734878.3
2012-11-16,109639133.9
2012-11-17,86955709.84
2012-11-18,74343241.87
2012-11-19,103973223.1
2012-11-20,116982674.6
2012-11-21,114403435.1
2012-11-22,108787908.4
2012-11-23,110272392.9
2012-11-24,88389198.22
2012-11-25,74307904.01
2012-11-26,104546823.1
2012-11-27,109220912
2012-11-28,105976737.1
2012-11-29,106506077.6
2012-11-30,107267991
2012-12-01,91484121.16
2012-12-02,75286104.15
2012-12-03,113903366
2012-12-04,121510533.7
2012-12-05,123191303.2
2012-12-06,132252683.9
2012-12-07,130423539.4
2012-12-08,104502643.7
2012-12-09,87103225.43
2012-12-10,129440044
2012-12-11,135601275.4
2012-12-12,132429671.5
2012-12-13,132449533.4
2012-12-14,129861836.4
2012-12-15,98418705.3
2012-12-16,79973571.91
2012-12-17,120381686.4
2012-12-18,136904351.6
2012-12-19,113038467.5
2012-12-20,129869937.9
2012-12-21,127145331.7
2012-12-22,99918316.46
2012-12-23,85122721.19
2012-12-24,127068596.3
2012-12-25,94585956.37
2012-12-26,143504181.7
2012-12-27,137142989.1
2012-12-28,124480283.5
2012-12-29,104520270.7
2012-12-30,84163948.78
2012-12-31,98192113.89
2013-01-01,98838555.33
2013-01-02,153936991.1
2013-01-03,167992495.2
2013-01-04,165347020.3
2013-01-05,129384272.2
2013-01-06,109522523.5
2013-01-07,151759560
2013-01-08,154399363
2013-01-09,161866174
2013-01-10,162548242.4
2013-01-11,155493598.4
2013-01-12,121225280.3
2013-01-13,104505003.8
2013-01-14,141483744.7
2013-01-15,153289665.4
2013-01-16,146783200.5
2013-01-17,149887741.2
2013-01-18,149021646
2013-01-19,121013479.2
2013-01-20,103204553.5
2013-01-21,141853505.6
2013-01-22,142063233.1
2013-01-23,140934057.3
2013-01-24,142762124.7
2013-01-25,148474033.3
2013-01-26,124264256.9
2013-01-27,108702889.9
2013-01-28,140725754
2013-01-29,139772645
2013-01-30,135911046.5
2013-01-31,131629070.2
2013-02-01,125855632.8
2013-02-02,109413216.5
2013-02-03,101279771.9
2013-02-04,132477699.8
2013-02-05,139643829.8
2013-02-06,138671814.1
2013-02-07,152176510.6
2013-02-08,142328588.2
2013-02-09,94204131.73
2013-02-10,69455704.22
2013-02-11,83252214.25
2013-02-12,114144230.5
2013-02-13,133309376.7
2013-02-14,138476310.3
2013-02-15,136832347.7
2013-02-16,118144696.4
2013-02-17,99445549.12
2013-02-18,137114945.2
2013-02-19,141084315.9
2013-02-20,143957799.4
2013-02-21,141182153.9
2013-02-22,136609286.8
2013-02-23,114615974.3
2013-02-24,96549766.19
2013-02-25,130404202
2013-02-26,134030855.8
2013-02-27,126973345.8
2013-02-28,121597526.7
2013-03-01,107235144.2
2013-03-02,106394022
2013-03-03,92897156.06
2013-03-04,128742120.2
2013-03-05,131486886.1
2013-03-06,126195790.5
2013-03-07,128198250.1
2013-03-08,125495281.6
2013-03-09,101093400.6
2013-03-10,88845769.64
2013-03-11,121910789.7
2013-03-12,126229762.4
2013-03-13,129810841
2013-03-14,130953462.8
2013-03-15,128313154.3
2013-03-16,105754882.6
2013-03-17,91437415.04
2013-03-18,117641157.5
2013-03-19,121516749.7
2013-03-20,127072136.2
2013-03-21,134215526
2013-03-22,130967150.7
2013-03-23,106136516
2013-03-24,89451346.66
2013-03-25,127123772.9
2013-03-26,135137394.9
2013-03-27,128170698.5
2013-03-28,127700487.2
2013-03-29,128941380.4
2013-03-30,107298597.5
2013-03-31,88848920.68
2013-04-01,124485291.5
2013-04-02,133515471.7
2013-04-03,127283489.3
2013-04-04,121318834.7
2013-04-05,116946459.3
2013-04-06,101699920.7
2013-04-07,89857965
2013-04-08,129442184.2
2013-04-09,136540553.9
2013-04-10,142660908.2
2013-04-11,137931030.9
2013-04-12,137083591.4
2013-04-13,108467277.9
2013-04-14,90931757.97
2013-04-15,130283012.4
2013-04-16,129404541.7
2013-04-17,129411215.1
2013-04-18,132554720.9
2013-04-19,128386005.3
2013-04-20,114063885.6
2013-04-21,92417027.84
2013-04-22,127697956.7
2013-04-23,139466143.4
2013-04-24,134480620.6
2013-04-25,138818372.3
2013-04-26,134648940.2
2013-04-27,104098081.7
2013-04-28,86206494.52
2013-04-29,123944141.6
2013-04-30,128543456.6
2013-05-01,94309240.91
2013-05-02,124798599.7
2013-05-03,115613178.7
2013-05-04,97102081.59
2013-05-05,81635488.32
2013-05-06,117536872.8
2013-05-07,125063934
2013-05-08,122233703.5
2013-05-09,118843410.8
2013-05-10,122948196.2
2013-05-11,94532162.67
2013-05-12,81702464.28
2013-05-13,109291694.3
2013-05-14,123425831.9
2013-05-15,116629219.2
2013-05-16,116912762.8
2013-05-17,102201884.6
2013-05-18,88614537.95
2013-05-19,80263490.94
2013-05-20,108429506.1
2013-05-21,111468219.2
2013-05-22,118865436.6
2013-05-23,118086614.9
2013-05-24,117947886.7
2013-05-25,94815518.75
2013-05-26,79715087.96
2013-05-27,112646734.9
2013-05-28,120166118.7
2013-05-29,115808713
2013-05-30,123863683.4
2013-05-31,122225288.4
2013-06-01,101080252.3
2013-06-02,83886260.55
2013-06-03,121645841.2
2013-06-04,129395659.6
2013-06-05,132674816.5
2013-06-06,113910969.7
2013-06-07,130393392.7
2013-06-08,109394422
2013-06-09,86351714.93
2013-06-10,128395063.8
2013-06-11,134823123.4
2013-06-12,131347219.1
2013-06-13,126797167.3
2013-06-14,129230112.5
2013-06-15,107081269.8
2013-06-16,85771051.66
2013-06-17,127331374.1
2013-06-18,134201710.1
2013-06-19,135586522
2013-06-20,135260119.1
2013-06-21,136423024.5
2013-06-22,107134331.1
2013-06-23,86585609.93
2013-06-24,117823594.8
2013-06-25,131293122.2
2013-06-26,132781874.4
2013-06-27,133110990.9
2013-06-28,131104005.6
2013-06-29,106305521.4
2013-06-30,88678321.07
2013-07-01,134011694.4
2013-07-02,140082333.9
2013-07-03,137364923.9
2013-07-04,139823507.8
2013-07-05,136691111.7
2013-07-06,114452289
2013-07-07,96913529.73
2013-07-08,135112707.2
2013-07-09,145414377.9
2013-07-10,148745377
2013-07-11,150133136
2013-07-12,148412466.5
2013-07-13,118265439.9
2013-07-14,99736326.75
2013-07-15,141809490.9
2013-07-16,145537065.9
2013-07-17,145376761.4
2013-07-18,144463571
2013-07-19,145795797.8
2013-07-20,120297201.4
2013-07-21,101539260.9
2013-07-22,132909258
2013-07-23,140871878
2013-07-24,138259349.1
2013-07-25,134378900.1
2013-07-26,134626890.1
2013-07-27,116009524.6
2013-07-28,97646736.51
2013-07-29,132336893.8
2013-07-30,125795582.1
2013-07-31,119832117.3
2013-08-01,105493165.9
2013-08-02,102736592.3
2013-08-03,93253772.97
2013-08-04,87080183.35
2013-08-05,111107596.4
2013-08-06,116962552.6
2013-08-07,124171864.1
2013-08-08,130858574.4
2013-08-09,137948467.8
2013-08-10,115977627.6
2013-08-11,96639631.06
2013-08-12,134121868.6
2013-08-13,143935468.9
2013-08-14,142433107.9
2013-08-15,121714105.3
2013-08-16,134136107.1
2013-08-17,112100898.2
2013-08-18,94899823.18
2013-08-19,132246132.5
2013-08-20,137473386.2
2013-08-21,136920308
2013-08-22,142365571.7
2013-08-23,135766336.3
2013-08-24,103799050.9
2013-08-25,81757853.09
2013-08-26,114447206.8
2013-08-27,118264383.2
2013-08-28,120722049.7
2013-08-29,124549692
2013-08-30,123221858.6
2013-08-31,97643994.45
2013-09-01,75579306.67
2013-09-02,99189186.13
2013-09-03,97414758.29
2013-09-04,99748600.85
2013-09-05,98526477.64
2013-09-06,98388373.68
2013-09-07,85402376.96
2013-09-08,73818299.71
2013-09-09,98690733.86
2013-09-10,104847981.4
2013-09-11,106229355.3
2013-09-12,107670804.2
2013-09-13,110692075.3
2013-09-14,94152059.35
2013-09-15,80347238.8
2013-09-16,95865050.78
2013-09-17,89264099.72
2013-09-18,61062953.14
2013-09-19,44156497.56
2013-09-20,49247198.05
2013-09-21,60351565.11
2013-09-22,66016761.86
2013-09-23,103764105.3
2013-09-24,115302831.8
2013-09-25,107005233.3
2013-09-26,106468041.7
2013-09-27,103725344.4
2013-09-28,91162115.05
2013-09-29,77196640.35
2013-09-30,110617085.6
2013-10-01,121639458.7
2013-10-02,118122618.8
2013-10-03,91979993.16
2013-10-04,104846426.2
2013-10-05,91486052.48
2013-10-06,74400937.22
2013-10-07,107723780
2013-10-08,116246283.8
2013-10-09,97679658.16
2013-10-10,112724240.9
2013-10-11,114083382
2013-10-12,89213474.13
2013-10-13,72942895.13
2013-10-14,106313641.4
2013-10-15,116456867.1
2013-10-16,110971106.1
2013-10-17,111963872.3
2013-10-18,111927969.2
2013-10-19,91309848.05
2013-10-20,75447812.19
2013-10-21,105870302.5
2013-10-22,110687989.6
2013-10-23,109458121.3
2013-10-24,109572384.7
2013-10-25,107279663.8
2013-10-26,89340984.74
2013-10-27,75094411.73
2013-10-28,104974148.5
2013-10-29,112205767.8
2013-10-30,117858338.3
2013-10-31,119969571.5
2013-11-01,112765184
2013-11-02,88825464.06
2013-11-03,74680253.45
2013-11-04,103557696.6
2013-11-05,105969636.2
2013-11-06,108339093.7
2013-11-07,99630215.34
2013-11-08,99397222.41
2013-11-09,85049182.81
2013-11-10,72489007.24
2013-11-11,99484405.11
2013-11-12,107401436.3
2013-11-13,107985404.8
2013-11-14,111443839.2
2013-11-15,106826305.9
2013-11-16,89198777.12
2013-11-17,77195453.98
2013-11-18,111890446.6
2013-11-19,123117940.2
2013-11-20,119657029.7
2013-11-21,112972980.1
2013-11-22,108395995.2
2013-11-23,89261224.82
2013-11-24,74696589.18
2013-11-25,104307868.3
2013-11-26,113282451.5
2013-11-27,116059974.4
2013-11-28,123926139.4
2013-11-29,121353496.6
2013-11-30,94703583.95
2013-12-01,80507572
2013-12-02,113687746.5
2013-12-03,114497945.8
2013-12-04,114998039.5
2013-12-05,116757350.3
2013-12-06,113994610.5
2013-12-07,90736417.22
2013-12-08,77323691.98
2013-12-09,105864594.8
2013-12-10,109975719.5
2013-12-11,114704222.2
2013-12-12,120948314
2013-12-13,123491591.5
2013-12-14,102403766.5
2013-12-15,84852768.03
2013-12-16,122246398.4
2013-12-17,125037654.1
2013-12-18,121209965.1
2013-12-19,126585362.8
2013-12-20,127717893.9
2013-12-21,100620388.4
2013-12-22,85568027.84
2013-12-23,118540384.3
2013-12-24,122597497.1
2013-12-25,96262961.59
2013-12-26,120483711.6
2013-12-27,125185380.7
2013-12-28,103060798.9
2013-12-29,86646568.32
2013-12-30,111492304.6
2013-12-31,97250006.5
2014-01-01,102796036.9
2014-01-02,141035610.4
2014-01-03,146063885.8
2014-01-04,125665987.5
2014-01-05,110967141.7
2014-01-06,145231721.5
2014-01-07,148185922
2014-01-08,149612807.8
2014-01-09,160022576
2014-01-10,161680459.2
2014-01-11,129795811.3
2014-01-12,112302561.2
2014-01-13,152523744.4
2014-01-14,158494818.3
2014-01-15,155520213.7
2014-01-16,157614837.5
2014-01-17,150580251.4
2014-01-18,127415913.1
2014-01-19,113413304.4
2014-01-20,147511722.4
2014-01-21,158711006.9
2014-01-22,154924626.8
2014-01-23,150184219.6
2014-01-24,147704534.5
2014-01-25,124933752.6
2014-01-26,109421373.2
2014-01-27,143750435.5
2014-01-28,139480407.5
2014-01-29,126101972.1
2014-01-30,85771700.8
2014-01-31,72906608.91
2014-02-01,71280021.5
2014-02-02,79844094.83
2014-02-03,126786169.7
2014-02-04,155616041.1
2014-02-05,159609706.7
2014-02-06,155423547.1
2014-02-07,150897128.1
2014-02-08,125809509.4
2014-02-09,107064995.3
2014-02-10,147910645.2
2014-02-11,151667903.7
2014-02-12,147591350.1
2014-02-13,147171758.7
2014-02-14,145712794.9
2014-02-15,120464241.6
2014-02-16,103853848.2
2014-02-17,138174638.4
2014-02-18,145989709.3
2014-02-19,146021013.2
2014-02-20,146188731.8
2014-02-21,144301321.9
2014-02-22,123672569.1
2014-02-23,103528115
2014-02-24,138717807.4
2014-02-25,141822210.1
2014-02-26,143703487.4
2014-02-27,139026219.7
2014-02-28,139372727.4
2014-03-01,121366898.8
2014-03-02,106546523.4
2014-03-03,145167106.2
2014-03-04,150760057.6
2014-03-05,153621058.7
2014-03-06,158239970.7
2014-03-07,161393951.1
2014-03-08,140172773.1
2014-03-09,112819636.9
2014-03-10,154885935.6
2014-03-11,158989050.7
2014-03-12,159750814.1
2014-03-13,163911109.7
2014-03-14,160348950.5
2014-03-15,136371923.6
2014-03-16,108001578.1
2014-03-17,138950582
2014-03-18,138105303.1
2014-03-19,140446892.8
2014-03-20,142009862.5
2014-03-21,141653640
2014-03-22,117751621.8
2014-03-23,99479494.84
2014-03-24,128512106.3
2014-03-25,132815483
2014-03-26,129251679.6
2014-03-27,128928802.4
2014-03-28,127366759.6
2014-03-29,112340064.9
2014-03-30,96067912.6
2014-03-31,125286065.3
2014-04-01,126275682.4
2014-04-02,123480542.9
2014-04-03,127152106
2014-04-04,130637634.7
2014-04-05,109989705.8
2014-04-06,94552401.71
2014-04-07,124798460
2014-04-08,127576360.3
2014-04-09,124313516.2
2014-04-10,126391256.3
2014-04-11,126655326.2
2014-04-12,110065397.6
2014-04-13,91942569.79
2014-04-14,121016703.5
2014-04-15,125554609.7
2014-04-16,122480701.5
2014-04-17,126159777.6
2014-04-18,124145413
2014-04-19,105426508.2
2014-04-20,89503828.84
2014-04-21,116031112.6
2014-04-22,117351634.2
2014-04-23,113648168.1
2014-04-24,113793467.3
2014-04-25,114093421.7
2014-04-26,100493855.1
2014-04-27,85925283.98
2014-04-28,117760619.1
2014-04-29,119558029.5
2014-04-30,111609819.7
2014-05-01,96890783.38
2014-05-02,103837925.2
2014-05-03,89734419.13
2014-05-04,78766686.16
2014-05-05,79108930.29
2014-05-06,89265373.27
2014-05-07,109722347.4
2014-05-08,112679791.9
2014-05-09,112202769.9
2014-05-10,101441974.7
2014-05-11,87142629.05
2014-05-12,116654563.8
2014-05-13,119824354.8
2014-05-14,119229512
2014-05-15,119422305.8
2014-05-16,120618691.9
2014-05-17,103725012.2
2014-05-18,87931596.37
2014-05-19,115035525
2014-05-20,122536487.6
2014-05-21,121614126.9
2014-05-22,118599190
2014-05-23,117095540.1
2014-05-24,102157873.4
2014-05-25,84926001.38
2014-05-26,111103424.5
2014-05-27,115707420.5
2014-05-28,120317274.1
2014-05-29,122005411.6
2014-05-30,123601806.5
2014-05-31,105183322.7
2014-06-01,100429808.4
2014-06-02,123622874.7
2014-06-03,124685293.3
2014-06-04,115907674.8
2014-06-05,118683131.6
2014-06-06,111711246.5
2014-06-07,106256351.4
2014-06-08,94878620.31
2014-06-09,120668403.3
2014-06-10,127363045.4
2014-06-11,125257163.4
2014-06-12,124292851.7
2014-06-13,124257403.4
2014-06-14,111534153.9
2014-06-15,94767965.8
2014-06-16,122164351.9
2014-06-17,129310010.6
2014-06-18,129154710.4
2014-06-19,127041806.2
2014-06-20,127195426.2
2014-06-21,110346726.1
2014-06-22,90459335.11
2014-06-23,116829946
2014-06-24,124819251.7
2014-06-25,127056708.2
2014-06-26,129165632.5
2014-06-27,128877859.3
2014-06-28,112031958.2
2014-06-29,98403668.4
2014-06-30,128802500.5
2014-07-01,137528944.4
2014-07-02,136067457.1
2014-07-03,131515771.9
2014-07-04,136396751.1
2014-07-05,115118320.5
2014-07-06,98690447.73
2014-07-07,133309749.4
2014-07-08,140387109.8
2014-07-09,148190399.5
2014-07-10,146724725.1
2014-07-11,140992929
2014-07-12,116482933.2
2014-07-13,100874022.6
2014-07-14,130606186.5
2014-07-15,141291624.5
2014-07-16,140837215.5
2014-07-17,139453641.4
2014-07-18,137762983.2
2014-07-19,118570880.1
2014-07-20,101019357.3
2014-07-21,125850049.8
2014-07-22,135362264.3
2014-07-23,137456580.9
2014-07-24,138104122.3
2014-07-25,144449891.4
2014-07-26,116560083
2014-07-27,95946293.72
2014-07-28,117099944.3
2014-07-29,130356136.8
2014-07-30,130100432.5
2014-07-31,130998876.3
2014-08-01,122627902.5
2014-08-02,107051328.6
2014-08-03,94538774.35
2014-08-04,105614241.3
2014-08-05,114871669.8
2014-08-06,115655511
2014-08-07,112698106.8
2014-08-08,111472882.9
2014-08-09,97116646.35
2014-08-10,84657571.78
2014-08-11,110322538.4
2014-08-12,116867594.3
2014-08-13,120991787.1
2014-08-14,115907295.5
2014-08-15,106863451.2
2014-08-16,96759266.63
2014-08-17,86798518
2014-08-18,107819843.6
2014-08-19,118727998.3
2014-08-20,120707545.6
2014-08-21,121787281.4
2014-08-22,121223477.1
2014-08-23,107569177.4
2014-08-24,92631919.58
2014-08-25,117211691
2014-08-26,129129605.5
2014-08-27,125285670.8
2014-08-28,124217266.8
2014-08-29,125529099.3
2014-08-30,108239115.7
2014-08-31,94117201.89
2014-09-01,118731172.5
2014-09-02,122350791.6
2014-09-03,120518840.6
2014-09-04,122233647.8
2014-09-05,119046022.6
2014-09-06,97694445.04
2014-09-07,57101801.4
2014-09-08,50990444.63
2014-09-09,61419186.21
2014-09-10,81325127.67
2014-09-11,114437821.8
2014-09-12,124619845.8
2014-09-13,112325965.8
2014-09-14,95406117.12
2014-09-15,124829096.4
2014-09-16,127304047.2
2014-09-17,124220687.9
2014-09-18,124214054.1
2014-09-19,124149568.7
2014-09-20,108658715.5
2014-09-21,93021869.85
2014-09-22,119520217.9
2014-09-23,126271753.4
2014-09-24,129024290.5
2014-09-25,126122476.7
2014-09-26,123919349.7
2014-09-27,106283904.1
2014-09-28,91297381.82
2014-09-29,118145660.4
2014-09-30,119012581.2
2014-10-01,116490170.3
2014-10-02,116668576.3
2014-10-03,103616891.3
2014-10-04,93530044.23
2014-10-05,84411257.41
2014-10-06,108082149.2
2014-10-07,113289264.3
2014-10-08,112787359.8
2014-10-09,105201034.2
2014-10-10,111081259.4
2014-10-11,99003881.98
2014-10-12,87948853.8
2014-10-13,116884987.3
2014-10-14,121073786.2
2014-10-15,121984385.1
2014-10-16,120766360.9
2014-10-17,119516421.2
2014-10-18,103776905.7
2014-10-19,88572936.88
2014-10-20,115184732.9
2014-10-21,119541470.8
2014-10-22,118315325.4
2014-10-23,117492063.9
2014-10-24,118666723.9
2014-10-25,102707145.4
2014-10-26,87878599.22
2014-10-27,112116169.3
2014-10-28,118145641.3
2014-10-29,119681633.6
2014-10-30,119341785.4
2014-10-31,119675767.8
2014-11-01,103399096
2014-11-02,89811443.33
2014-11-03,114973362.2
2014-11-04,121991718.6
2014-11-05,119743357.9
2014-11-06,118770190
2014-11-07,118878930.5
2014-11-08,103532835.2
2014-11-09,89749271.87
2014-11-10,115214152.4
2014-11-11,120508842.7
2014-11-12,122798988.3
2014-11-13,133696572.9
2014-11-14,133561563.3
2014-11-15,113114952.9
2014-11-16,99289192.54
2014-11-17,127822995.9
2014-11-18,136399807.8
2014-11-19,135944736.3
2014-11-20,131657331.4
2014-11-21,128809963.1
2014-11-22,111447029
2014-11-23,97452832.2
2014-11-24,127461539
2014-11-25,131028763.6
2014-11-26,127153251
2014-11-27,126062606.2
2014-11-28,128861198
2014-11-29,106453602.1
2014-11-30,94464527.89
2014-12-01,128036614.8
2014-12-02,143000174.8
2014-12-03,143262650.4
2014-12-04,146526082.9
2014-12-05,149001983.6
2014-12-06,126226615.7
2014-12-07,109016224.8
2014-12-08,143320294.5
2014-12-09,149906819.9
2014-12-10,145424623.8
2014-12-11,147291414
2014-12-12,148961554.2
2014-12-13,126488003.2
2014-12-14,109552978.9
2014-12-15,142545790.7
2014-12-16,149380825
2014-12-17,158322878.3
2014-12-18,155760600.3
2014-12-19,152692922.2
2014-12-20,126464432.3
2014-12-21,110317351.2
2014-12-22,146255329
2014-12-23,147343204.1
2014-12-24,139468197.7
2014-12-25,117074336.8
2014-12-26,138351157.3
2014-12-27,120230561.9
2014-12-28,103531267
2014-12-29,132963624.7
2014-12-30,132410799
2014-12-31,122940158.4
2015-01-01,108051086.6
2015-01-02,165914317.5
2015-01-03,123408303
2015-01-04,109429491
2015-01-05,168919011.3
2015-01-06,177868369.8
2015-01-07,183633882.9
2015-01-08,183575940.5
2015-01-09,181439636.4
2015-01-10,130941079.6
2015-01-11,113934444.2
2015-01-12,177707467.9
2015-01-13,179657682.2
2015-01-14,178985360
2015-01-15,175309910.5
2015-01-16,179799081.7
2015-01-17,131774639.2
2015-01-18,115219861.2
2015-01-19,173082146.9
2015-01-20,177657665.8
2015-01-21,176341235.8
2015-01-22,174852737.2
2015-01-23,173434364.9
2015-01-24,123198733.5
2015-01-25,111198356.2
2015-01-26,167871859.8
2015-01-27,178535223.5
2015-01-28,181277136.5
2015-01-29,180475884.8
2015-01-30,179899569.9
2015-01-31,131683534.4
2015-02-01,100764839.4
2015-02-02,158061391.2
2015-02-03,161766222
2015-02-04,161572671.3
2015-02-05,163420775.3
2015-02-06,160203532.4
2015-02-07,115868525.6
2015-02-08,106702205.9
2015-02-09,168629742.2
2015-02-10,163470872.8
2015-02-11,160398447.6
2015-02-12,163770782.1
2015-02-13,163546813.4
2015-02-14,118215818.6
2015-02-15,102551444.3
2015-02-16,151860361
2015-02-17,143520941.5
2015-02-18,73517900.46
2015-02-19,53078783.72
2015-02-20,56820613.2
2015-02-21,66874027.37
2015-02-22,87213442.91
2015-02-23,151958840.2
2015-02-24,155757015.6
2015-02-25,154707015.2
2015-02-26,155932020.3
2015-02-27,159777155.4
2015-02-28,113704224.7
2015-03-01,91304555.36
2015-03-02,138267115.6
2015-03-03,146500418.7
2015-03-04,151527697.7
2015-03-05,150068325.7
2015-03-06,147130606.1
2015-03-07,106670621.9
2015-03-08,90149568.26
2015-03-09,138132983.5
2015-03-10,153055052.6
2015-03-11,147858045.7
2015-03-12,145900819.9
2015-03-13,145240717.9
2015-03-14,106019989.2
2015-03-15,90916818.81
2015-03-16,133345650.8
2015-03-17,133466491.3
2015-03-18,135173189.1
2015-03-19,129690776
2015-03-20,127847406.5
2015-03-21,91099129.83
2015-03-22,80588529.27
2015-03-23,128188569.9
2015-03-24,131949517.1
2015-03-25,131495094.7
2015-03-26,128078072.7
2015-03-27,125912301.3
2015-03-28,88935749.5
2015-03-29,79202479.17
2015-03-30,120780666.3
2015-03-31,124622279.8
2015-04-01,99281631.81
2015-04-02,100229777.8
2015-04-03,99752077.51
2015-04-04,82231944.01
2015-04-05,72538678.35
2015-04-06,102278114.8
2015-04-07,106559772
2015-04-08,104828176.5
2015-04-09,104811838
2015-04-10,101715211.4
2015-04-11,83041278.03
2015-04-12,72837703.84
2015-04-13,100204589.5
2015-04-14,101615321.3
2015-04-15,98005999.32
2015-04-16,98164175.61
2015-04-17,96999636.83
2015-04-18,79516787.26
2015-04-19,71177981.83
2015-04-20,96575027.25
2015-04-21,96808846.04
2015-04-22,96001166.68
2015-04-23,95303950.59
2015-04-24,94273184.21
2015-04-25,76342420.51
2015-04-26,66445691.92
2015-04-27,91127698.74
2015-04-28,94424769.13
2015-04-29,97162238.97
2015-04-30,95663721.44
2015-05-01,77243875.31
2015-05-02,68028365.02
2015-05-03,62995986.21
2015-05-04,80286213.92
2015-05-05,70946583.06
2015-05-06,86641305.03
2015-05-07,88998420.49
2015-05-08,88313201.24
2015-05-09,75299407.84
2015-05-10,63568721.01
2015-05-11,87418103.75
2015-05-12,88295155.84
2015-05-13,89636653.51
2015-05-14,92648849.62
2015-05-15,91686433.41
2015-05-16,75489882.36
2015-05-17,63723068.99
2015-05-18,88186563.97
2015-05-19,90299227.06
2015-05-20,88618046.45
2015-05-21,89310625.75
2015-05-22,90484175.28
2015-05-23,75793646.08
2015-05-24,63974050.87
2015-05-25,68945178.12
2015-05-26,88871695.41
2015-05-27,91743831.33
2015-05-28,93144150.26
2015-05-29,95415761.03
2015-05-30,76068009.72
2015-05-31,65666919.04
2015-06-01,106822776.8
2015-06-02,109731211.5
2015-06-03,109653431.8
2015-06-04,110556114.5
2015-06-05,109358133.7
2015-06-06,83226180.8
2015-06-07,73755340.76
2015-06-08,106084742.1
2015-06-09,111481967.7
2015-06-10,112176689.7
2015-06-11,111348077
2015-06-12,110715490.4
2015-06-13,83285198.18
2015-06-14,70661672.08
2015-06-15,104932176.9
2015-06-16,109669493
2015-06-17,108125464.8
2015-06-18,109257076.3
2015-06-19,109349030.3
2015-06-20,81203250.68
2015-06-21,72863741.58
2015-06-22,103342101.3
2015-06-23,109124848.2
2015-06-24,109753474.3
2015-06-25,109078416.6
2015-06-26,106660395.3
2015-06-27,79340862.26
2015-06-28,67214069.36
2015-06-29,102667903
2015-06-30,107902996.6
2015-07-01,115289266.4
2015-07-02,115685668.2
2015-07-03,114167593.7
2015-07-04,80139377.17
2015-07-05,66033692.55
2015-07-06,105901302.7
2015-07-07,113768424.3
2015-07-08,114316982.3
2015-07-09,115046149.9
2015-07-10,119405673.3
2015-07-11,86037957.47
2015-07-12,66207745.69
2015-07-13,106992789.9
2015-07-14,120385984.9
2015-07-15,121853885.5
2015-07-16,116490329
2015-07-17,115398609.5
2015-07-18,82671601.37
2015-07-19,69034297.24
2015-07-20,112287081.5
2015-07-21,122747062.2
2015-07-22,126062134.2
2015-07-23,127375157.2
2015-07-24,125147410.6
2015-07-25,86996705.56
2015-07-26,73013334.13
2015-07-27,118427451.1
2015-07-28,128953931.2
2015-07-29,127770654.4
2015-07-30,129837313.1
2015-07-31,127400577.8
2015-08-01,92585730.47
2015-08-02,78243128.9
2015-08-03,107386356.2
2015-08-04,110139862.9
2015-08-05,116418200.8
2015-08-06,126290698.7
2015-08-07,132342628.2
2015-08-08,102016696.4
2015-08-09,84828929.89
2015-08-10,126517184.6
2015-08-11,133787771.3
2015-08-12,130467078
2015-08-13,131786125.2
2015-08-14,105179507.4
2015-08-15,98056075.75
2015-08-16,90180219.34
2015-08-17,129299722.6
2015-08-18,134864002.2
2015-08-19,133070613.8
2015-08-20,132962000.2
2015-08-21,130728582.3
2015-08-22,100809917.2
2015-08-23,89038569.81
2015-08-24,125989939
2015-08-25,123151584
2015-08-26,121503096.8
2015-08-27,124000390.7
2015-08-28,124893556.9
2015-08-29,96349805.34
2015-08-30,85169371.51
2015-08-31,119821348.5
2015-09-01,127344559.7
2015-09-02,127200693.4
2015-09-03,127295530.9
2015-09-04,127923468.4
2015-09-05,101697807.8
2015-09-06,86883074.87
2015-09-07,118903706.9
2015-09-08,119967426.8
2015-09-09,119781520.7
2015-09-10,121421234.2
2015-09-11,122411951.5
2015-09-12,98983054.79
2015-09-13,83928852.12
2015-09-14,116729594.6
2015-09-15,119691080.3
2015-09-16,118083726.7
2015-09-17,118806970.8
2015-09-18,118957908.2
2015-09-19,95803504.52
2015-09-20,84012727.23
2015-09-21,111836899.5
2015-09-22,120294349.9
2015-09-23,118455565.5
2015-09-24,119107173.5
2015-09-25,110176878.2
2015-09-26,52138563.76
2015-09-27,35922659.96
2015-09-28,42488705.61
2015-09-29,63378732.74
2015-09-30,100118603.5
2015-10-01,111235570
2015-10-02,110266751.1
2015-10-03,95545666.02
2015-10-04,82515477.74
2015-10-05,102768005.3
2015-10-06,112054646
2015-10-07,111718133.1
2015-10-08,111876890.9
2015-10-09,98325592.95
2015-10-10,93073500.03
2015-10-11,85402024.63
2015-10-12,109886532.2
2015-10-13,115776089.8
2015-10-14,113299285.7
2015-10-15,115388898.3
2015-10-16,115641863.4
2015-10-17,98691371.52
2015-10-18,84016571.54
2015-10-19,110559031.7
2015-10-20,112835917.6
2015-10-21,112883421
2015-10-22,114239113.4
2015-10-23,110808362.2
2015-10-24,93656010.48
2015-10-25,82492018.6
2015-10-26,107892067
2015-10-27,112385489.9
2015-10-28,109571384.9
2015-10-29,110673580.1
2015-10-30,111477602.4
2015-10-31,95499436.77
2015-11-01,80970077
2015-11-02,114031342.2
2015-11-03,120191048.6
2015-11-04,120062373.9
2015-11-05,119979805.7
2015-11-06,121135959.1
2015-11-07,98080833.49
2015-11-08,82189035.22
2015-11-09,117812656.8
2015-11-10,124729494.5
2015-11-11,123462293.1
2015-11-12,123532243.1
2015-11-13,129085309.7
2015-11-14,92493151.28
2015-11-15,82712742.37
2015-11-16,116293166.2
2015-11-17,119307117.6
2015-11-18,122349626.1
2015-11-19,121612442.4
2015-11-20,120901842.2
2015-11-21,95612585.05
2015-11-22,83829066.4
2015-11-23,118216488.5
2015-11-24,133786178.1
2015-11-25,132291824.1
2015-11-26,134482755.2
2015-11-27,137579368.7
2015-11-28,107737105.4
2015-11-29,91918365.71
2015-11-30,126630193.4
2015-12-01,146525358.4
2015-12-02,145340175.7
2015-12-03,149973137.6
2015-12-04,152589647.5
2015-12-05,112766766
2015-12-06,98635585.03
2015-12-07,148508859.4
2015-12-08,148631441.3
2015-12-09,148096756.6
2015-12-10,147861569.8
2015-12-11,145780784.7
2015-12-12,105034498
2015-12-13,94836675.32
2015-12-14,143578037.4
2015-12-15,146322590.1
2015-12-16,154605669.8
2015-12-17,155813799
2015-12-18,154869639.6
2015-12-19,110310202.9
2015-12-20,99807783.07
2015-12-21,148416435
2015-12-22,149103127.8
2015-12-23,145867513.5
2015-12-24,145199248.3
2015-12-25,104383160.7
2015-12-26,102556826.6
2015-12-27,90172150.79
2015-12-28,148655455.5
2015-12-29,153542857.2
2015-12-30,150950375.8
2015-12-31,137167886.8
2016-01-01,80646043.05
2016-01-02,85415245.4
2016-01-03,88087472.82
2016-01-04,147638127
2016-01-05,157651625.6
2016-01-06,157886180.6
2016-01-07,159717424.8
2016-01-08,158323209.5
2016-01-09,113138609.4
2016-01-10,102177641.9
2016-01-11,156355195.4
2016-01-12,170404282
2016-01-13,161434730.8
2016-01-14,165477568.3
2016-01-15,162413674.7
2016-01-16,116242301.1
2016-01-17,103462684.2
2016-01-18,163815380.8
2016-01-19,171068414.4
2016-01-20,171663663.4
2016-01-21,176929892.8
2016-01-22,170222331.4
2016-01-23,128706121.3
2016-01-24,114552648.2
2016-01-25,177915369.6
2016-01-26,170701978.7
2016-01-27,173295696.9
2016-01-28,167834693.1
2016-01-29,172016858.4
2016-01-30,117950241.1
2016-01-31,106585013.1
2016-02-01,158188448.9
2016-02-02,161052927.3
2016-02-03,158560243.6
2016-02-04,157729234.1
2016-02-05,150928118.8
2016-02-06,106254219.5
2016-02-07,84390796.68
2016-02-08,62293990.34
2016-02-09,59270689.15
2016-02-10,81052321.93
2016-02-11,136346605.2
2016-02-12,144621955.6
2016-02-13,106176336.4
2016-02-14,101259121.3
2016-02-15,153733626.1
2016-02-16,156318380
2016-02-17,151536319.1
2016-02-18,150767824.1
2016-02-19,147119539.7
2016-02-20,109491528.2
2016-02-21,97914332.98
2016-02-22,147536112.1
2016-02-23,147078923.5
2016-02-24,152063840.7
2016-02-25,149856518.9
2016-02-26,148285823.8
2016-02-27,106320967
2016-02-28,97351746.81
2016-02-29,148789077.7
2016-03-01,108865529.6
2016-03-02,141175000.1
2016-03-03,137325173.9
2016-03-04,135410962.8
2016-03-05,101849161.7
2016-03-06,89451275.78
2016-03-07,130410069.4
2016-03-08,136935738.5
2016-03-09,137691805.3
2016-03-10,139449051.6
2016-03-11,140307068.5
2016-03-12,105181131.9
2016-03-13,91563932.63
2016-03-14,133438501.1
2016-03-15,133569806.6
2016-03-16,129993642.3
2016-03-17,129671409.1
2016-03-18,128423371
2016-03-19,92684875.31
2016-03-20,84275306.19
2016-03-21,126998925.5
2016-03-22,126358936.6
2016-03-23,127178527.9
2016-03-24,128428417.4
2016-03-25,128854495
2016-03-26,94001629.17
2016-03-27,84180840.57
2016-03-28,120596087.2
2016-03-29,125440808.3
2016-03-30,123457229.2
2016-03-31,123166858
2016-04-01,95613625.62
2016-04-02,79417568.55
2016-04-03,78631934.33
2016-04-04,100387313.5
2016-04-05,96145360.26
2016-04-06,99796072.29
2016-04-07,102516867.8
2016-04-08,97836783.92
2016-04-09,81358829.14
2016-04-10,74865266.15
2016-04-11,95332575.15
2016-04-12,99755686.18
2016-04-13,87504344.43
2016-04-14,94794844.33
2016-04-15,93616209.35
2016-04-16,79764172.15
2016-04-17,74613708.83
2016-04-18,89571729.76
2016-04-19,93527780.3
2016-04-20,93548090.6
2016-04-21,94680956.33
2016-04-22,95969023.1
2016-04-23,78581323.35
2016-04-24,59074031.63
2016-04-25,87035140.52
2016-04-26,93950409.26
2016-04-27,94365955.81
2016-04-28,92943954.06
2016-04-29,91615031.63
2016-04-30,77214195.14
2016-05-01,57874775.11
2016-05-02,79334313.71
2016-05-03,86699767.14
2016-05-04,84672663.94
2016-05-05,72880123.71
2016-05-06,75597846.15
2016-05-07,70174080.13
2016-05-08,61688413.81
2016-05-09,82127561.65
2016-05-10,87681102.78
2016-05-11,87573931.75
2016-05-12,86968710.62
2016-05-13,87217102.54
2016-05-14,75887997.89
2016-05-15,67318501.12
2016-05-16,82636305.43
2016-05-17,87807311.05
2016-05-18,88851092.08
2016-05-19,89957704.78
2016-05-20,89924691.59
2016-05-21,77248561.99
2016-05-22,68851516.74
2016-05-23,87158024.37
2016-05-24,89986406.09
2016-05-25,89575993.39
2016-05-26,89557557.72
2016-05-27,90600520.46
2016-05-28,77879373.58
2016-05-29,68451035.33
2016-05-30,87186228.97
2016-05-31,91120265.11
2016-06-01,120998568.6
2016-06-02,121114598.7
2016-06-03,120383044.5
2016-06-04,96763137.8
2016-06-05,89521462.31
2016-06-06,95481341.01
2016-06-07,117778662.2
2016-06-08,121804701.4
2016-06-09,122462414.1
2016-06-10,124621976.3
2016-06-11,100522516.5
2016-06-12,93441122.98
2016-06-13,120001601.5
2016-06-14,124316235.3
2016-06-15,122961038.6
2016-06-16,123645008
2016-06-17,124054950.1
2016-06-18,102886246.7
2016-06-19,94407650.04
2016-06-20,122678890.2
2016-06-21,127910673.1
2016-06-22,128575820.5
2016-06-23,129127175.8
2016-06-24,126702722.6
2016-06-25,100878903.4
2016-06-26,94085283.94
2016-06-27,123031886.4
2016-06-28,125565488.9
2016-06-29,125668607.9
2016-06-30,127531743.7
2016-07-01,110430579.9
2016-07-02,77419217.15
2016-07-03,68777679.81
2016-07-04,103285713.3
2016-07-05,111319346.9
2016-07-06,109600864.8
2016-07-07,111197907.9
2016-07-08,113869014.8
2016-07-09,84231066.73
2016-07-10,74135718.36
2016-07-11,110103400.3
2016-07-12,115205732.9
2016-07-13,116146322
2016-07-14,115951331.5
2016-07-15,114684875
2016-07-16,80064731.01
2016-07-17,68598521.78
2016-07-18,105541271.9
2016-07-19,114989126.9
2016-07-20,115013270.8
2016-07-21,115272047.6
2016-07-22,117562797.3
2016-07-23,86473301.19
2016-07-24,78119793.7
2016-07-25,115379633.5
2016-07-26,122979888.5
2016-07-27,122222595.7
2016-07-28,122202568.3
2016-07-29,119419787.9
2016-07-30,86589845.6
2016-07-31,80341960.22
2016-08-01,106807047.7
2016-08-02,107602753.4
2016-08-03,109128376.5
2016-08-04,115369442.2
2016-08-05,119651002.8
2016-08-06,97532470.36
2016-08-07,89222539.71
2016-08-08,122253825.8
2016-08-09,126965920.3
2016-08-10,131377513.3
2016-08-11,132461838.4
2016-08-12,134766060.6
2016-08-13,99198215.05
2016-08-14,89984379.33
2016-08-15,96796483.33
2016-08-16,130550604.6
2016-08-17,132179310.3
2016-08-18,131375737
2016-08-19,130066143.5
2016-08-20,96451147.69
2016-08-21,88215913.52
2016-08-22,128133172.6
2016-08-23,128437210.3
2016-08-24,127734214.5
2016-08-25,125883750.3
2016-08-26,115701132.7
2016-08-27,82805363.93
2016-08-28,74395204.42
2016-08-29,107762589.9
2016-08-30,106801653.1
2016-08-31,106249329.1
2016-09-01,108409579.5
2016-09-02,107602372.9
2016-09-03,87526227.55
2016-09-04,80584241.68
2016-09-05,110916187
2016-09-06,112888894.2
2016-09-07,112246717.1
2016-09-08,111827177.4
2016-09-09,120413370.2
2016-09-10,96424000
2016-09-11,87178159.69
2016-09-12,114064635.7
2016-09-13,110240044.6
2016-09-14,75577196.02
2016-09-15,43935518.35
2016-09-16,65543356.1
2016-09-17,73254139.81
2016-09-18,80554809.71
2016-09-19,110693491.4
2016-09-20,111024998.1
2016-09-21,108792671.7
2016-09-22,111489205.7
2016-09-23,111307705.5
2016-09-24,92946060.9
2016-09-25,83843541.34
2016-09-26,111896812.4
2016-09-27,116092147.3
2016-09-28,114522903.4
2016-09-29,112868044.9
2016-09-30,111222475.6
2016-10-01,90919335.92
2016-10-02,82208515.75
2016-10-03,90728180.04
2016-10-04,106165192.1
2016-10-05,106182298.7
2016-10-06,105731628.3
2016-10-07,105829967.7
2016-10-08,91000971.81
2016-10-09,80446219.24
2016-10-10,100183434.8
2016-10-11,104908741.6
2016-10-12,105248467.8
2016-10-13,105056430.7
2016-10-14,102979896.8
2016-10-15,90411232.78
2016-10-16,82613240.67
2016-10-17,101559724.2
2016-10-18,103797558.3
2016-10-19,103683137.5
2016-10-20,104445893.8
2016-10-21,104726354
2016-10-22,90640948.91
2016-10-23,81258580.07
2016-10-24,101031279.8
2016-10-25,103908534.5
2016-10-26,102309516.8
2016-10-27,102774185.4
2016-10-28,103324085.6
2016-10-29,89649317.64
2016-10-30,82360850.6
2016-10-31,104679733.7
2016-11-01,124868208.5
2016-11-02,125013614.4
2016-11-03,123261449.8
2016-11-04,123031689.2
2016-11-05,97512038.08
2016-11-06,89050646.05
2016-11-07,118255654.4
2016-11-08,124224998.4
2016-11-09,126726176
2016-11-10,127920302.7
2016-11-11,124771203
2016-11-12,99310356.16
2016-11-13,90626551.63
2016-11-14,121685782.8
2016-11-15,124395167.2
2016-11-16,125140032.3
2016-11-17,123968182.8
2016-11-18,124067561.5
2016-11-19,99641407.79
2016-11-20,91130895.16
2016-11-21,122460982.5
2016-11-22,129615854
2016-11-23,131001031.3
2016-11-24,134691543.6
2016-11-25,134266124.3
2016-11-26,112810324.2
2016-11-27,99801775.69
2016-11-28,133527873.7
2016-11-29,137883057.9
2016-11-30,136623290.5
2016-12-01,162577609.7
2016-12-02,163310481.1
2016-12-03,127032707.7
2016-12-04,116854533.5
2016-12-05,159848370.4
2016-12-06,166193069
2016-12-07,166999937.2
2016-12-08,166059623.6
2016-12-09,164636724.4
2016-12-10,130588775.5
2016-12-11,120645649.8
2016-12-12,166379994.1
2016-12-13,167292644
2016-12-14,171861717.2
2016-12-15,175553558.8
2016-12-16,175532899.1
2016-12-17,133970177.4
2016-12-18,121108472
2016-12-19,165442215.7
2016-12-20,165960164.2
2016-12-21,164764217.7
2016-12-22,164957081.3
2016-12-23,168881449.9
2016-12-24,127506329.5
2016-12-25,117556397.6
2016-12-26,164036419.1
2016-12-27,170561128.3
2016-12-28,171007772.9
2016-12-29,171078678.2
2016-12-30,166660257.3
2016-12-31,122569568.3
2017-01-01,91989198.25
2017-01-02,149890926.1
2017-01-03,155023748.9
2017-01-04,155864153.3
2017-01-05,156277870.8
2017-01-06,152591174.4
2017-01-07,112475100.6
2017-01-08,101781242.7
2017-01-09,152069208.6
2017-01-10,158534882.8
2017-01-11,160603448.2
2017-01-12,160773481.5
2017-01-13,163915586.5
2017-01-14,122137350.1
2017-01-15,111910301.6
2017-01-16,162600239.7
2017-01-17,165507007.6
2017-01-18,164189786.2
2017-01-19,164958218.7
2017-01-20,168107444
2017-01-21,125455420.1
2017-01-22,114751160.2
2017-01-23,170604455.3
2017-01-24,172200237.6
2017-01-25,167868693.1
2017-01-26,158020856.7
2017-01-27,101703792.4
2017-01-28,78976062.18
2017-01-29,77588198.53
2017-01-30,100174562.3
2017-01-31,157761849.6
2017-02-01,166548337.9
2017-02-02,166373248.3
2017-02-03,161776012.5
2017-02-04,123022584.4
2017-02-05,110848233
2017-02-06,160506874.1
2017-02-07,162820435.7
2017-02-08,162195811.5
2017-02-09,166268055.3
2017-02-10,167671443.3
2017-02-11,126361984.1
2017-02-12,111417757.1
2017-02-13,159534083.7
2017-02-14,161144176.1
2017-02-15,160095505.9
2017-02-16,156894204.6
2017-02-17,156323351.8
2017-02-18,120657323.2
2017-02-19,108427873.2
2017-02-20,155951695.5
2017-02-21,158677828
2017-02-22,159654496.6
2017-02-23,159213091.9
2017-02-24,158800591.3
2017-02-25,117113191
2017-02-26,106128822.9
2017-02-27,151282599.8
2017-02-28,151918526.4
2017-03-01,119266275.9
2017-03-02,146270439.8
2017-03-03,144608978.7
2017-03-04,114350206.9
2017-03-05,106418713.2
2017-03-06,143812132.4
2017-03-07,150285024.1
2017-03-08,150559777.9
2017-03-09,147203293.4
2017-03-10,143596432.9
2017-03-11,114742166.5
2017-03-12,104989652.7
2017-03-13,139470437.5
2017-03-14,142085905.2
2017-03-15,142561263.1
2017-03-16,141932840.3
2017-03-17,140407437.1
2017-03-18,111023917.9
2017-03-19,100837770.2
2017-03-20,137303406.7
2017-03-21,138419337.9
2017-03-22,137794329.1
2017-03-23,135996847.1
2017-03-24,136010321.7
2017-03-25,110360952.4
2017-03-26,98647020.45
2017-03-27,135756690.9
2017-03-28,137848501.6
2017-03-29,138190877
2017-03-30,135395237.8
2017-03-31,136220083.1
2017-04-01,93119238.71
2017-04-02,82480178.19
2017-04-03,103789395.3
2017-04-04,105266089.3
2017-04-05,107666255.9
2017-04-06,107151397.7
2017-04-07,102544190.5
2017-04-08,88068448.67
2017-04-09,76385891.35
2017-04-10,97666910.59
2017-04-11,102033943.2
2017-04-12,101661465.4
2017-04-13,103167171.5
2017-04-14,103687395.8
2017-04-15,87708408.68
2017-04-16,76653100.53
2017-04-17,101226839.8
2017-04-18,103127556.9
2017-04-19,102138496.7
2017-04-20,103996684.7
2017-04-21,101816228.1
2017-04-22,87555908.29
2017-04-23,74942326.43
2017-04-24,98814991.81
2017-04-25,101803663.4
2017-04-26,101937441.4
2017-04-27,103600363.6
2017-04-28,103255639.3
2017-04-29,88926459.42
2017-04-30,73944640.52
2017-05-01,85052706.88
2017-05-02,99083538.81
2017-05-03,91269501.77
2017-05-04,100609402.9
2017-05-05,85644832.83
2017-05-06,79657552.73
2017-05-07,69736215.19
2017-05-08,99250697.75
2017-05-09,98872823.03
2017-05-10,104566190.9
2017-05-11,108898844.2
2017-05-12,108888774.2
2017-05-13,94261975.11
2017-05-14,70725698.41
2017-05-15,99980273.44
2017-05-16,106292048.4
2017-05-17,106913410
2017-05-18,108298709.2
2017-05-19,108415042.4
2017-05-20,95955306.37
2017-05-21,78059577.58
2017-05-22,102553315.1
2017-05-23,108607100.9
2017-05-24,108838878.6
2017-05-25,107774429.8
2017-05-26,105288955.2
2017-05-27,91604384.95
2017-05-28,81040274.2
2017-05-29,110175652.7
2017-05-30,117769959.9
2017-05-31,118135766.9
2017-06-01,126890305.4
2017-06-02,121012573.3
2017-06-03,97814714.52
2017-06-04,119600162.6
2017-06-05,146693696.5
2017-06-06,133591101.1
2017-06-07,148770872.7
2017-06-08,153237059.9
2017-06-09,154481311.2
2017-06-10,129899173.4
2017-06-11,115269495.7
2017-06-12,146871039.8
2017-06-13,153761479
2017-06-14,154073390.9
2017-06-15,156875875.8
2017-06-16,157959584.2
2017-06-17,135062640.4
2017-06-18,123065481.7
2017-06-19,156296316.1
2017-06-20,163324376.1
2017-06-21,162969087.9
2017-06-22,163093745.3
2017-06-23,164340536.3
2017-06-24,136480530.1
2017-06-25,120712195.1
2017-06-26,152526533.6
2017-06-27,164144166.7
2017-06-28,164967912.5
2017-06-29,165492149.5
2017-06-30,165216104.1
2017-07-01,95958750.78
2017-07-02,85644396.55
2017-07-03,127085826
2017-07-04,132906268.2
2017-07-05,134210966
2017-07-06,135321343.9
2017-07-07,133799504.2
2017-07-08,98865591.97
2017-07-09,89043593.66
2017-07-10,131458858.9
2017-07-11,137323278.5
2017-07-12,139370428.7
2017-07-13,141591538.6
2017-07-14,142862135.2
2017-07-15,104681074.7
2017-07-16,92611457.3
2017-07-17,136240945.2
2017-07-18,140703278.9
2017-07-19,143056038.2
2017-07-20,146113777
2017-07-21,148818717
2017-07-22,113123670.9
2017-07-23,97050511.8
2017-07-24,140052869.5
2017-07-25,146562256.3
2017-07-26,141611420.3
2017-07-27,138784628.2
2017-07-28,137972747.3
2017-07-29,97126289.57
2017-07-30,87102475.62
2017-07-31,119362025.4
2017-08-01,122430715.2
2017-08-02,125632104.9
2017-08-03,127744991.7
2017-08-04,131859601.2
2017-08-05,108942151.4
2017-08-06,101509399.3
2017-08-07,140654002.3
2017-08-08,144010408.5
2017-08-09,140928713.7
2017-08-10,139829233
2017-08-11,139608774.2
2017-08-12,106092460.9
2017-08-13,92680550.18
2017-08-14,126183508.4
2017-08-15,102690081.8
2017-08-16,130098214.2
2017-08-17,133514037.9
2017-08-18,134144596.6
2017-08-19,103383089.5
2017-08-20,91776762.14
2017-08-21,132418786.4
2017-08-22,138154482.4
2017-08-23,142199237.5
2017-08-24,143532951.9
2017-08-25,139188477.9
2017-08-26,98952842.91
2017-08-27,86535502.69
2017-08-28,124644500.5
2017-08-29,127369916.7
2017-08-30,122630068.6
2017-08-31,121851940.6
2017-09-01,112461973.5
2017-09-02,88617376.71
2017-09-03,74559331.04
2017-09-04,111472122.2
2017-09-05,115502648.5
2017-09-06,115878653.5
2017-09-07,114452000.6
2017-09-08,115848119.9
2017-09-09,90447303.09
2017-09-10,75055942.85
2017-09-11,111826908.3
2017-09-12,114961502.4
2017-09-13,112671521.6
2017-09-14,112819167
2017-09-15,113209454.2
2017-09-16,88571224.12
2017-09-17,76741613.91
2017-09-18,111082674.7
2017-09-19,116248208
2017-09-20,113650651.4
2017-09-21,112809695.5
2017-09-22,115326234.5
2017-09-23,90985680.36
2017-09-24,78289678.18
2017-09-25,112603563.7
2017-09-26,117600234.1
2017-09-27,115843269.2
2017-09-28,113320802
2017-09-29,108575090.6
2017-09-30,82047089.19
2017-10-01,72216441.21
2017-10-02,75039564.31
2017-10-03,60295810.43
2017-10-04,55209121.2
2017-10-05,57308820.3
2017-10-06,62372716.7
2017-10-07,65675353.94
2017-10-08,69441951.8
2017-10-09,84366017.44
2017-10-10,101636739
2017-10-11,102261599.3
2017-10-12,103755126
2017-10-13,102899451.4
2017-10-14,88480077.02
2017-10-15,74764256.3
2017-10-16,97711867.78
2017-10-17,105023933.2
2017-10-18,107703919.9
2017-10-19,108456057.2
2017-10-20,106900678.2
2017-10-21,92553238.76
2017-10-22,78594409.95
2017-10-23,101157168.4
2017-10-24,105461349.3
2017-10-25,105014587.8
2017-10-26,105158780.7
2017-10-27,106830642.5
2017-10-28,92378149.5
2017-10-29,80173057.8
2017-10-30,103800122.3
2017-10-31,108552380.8
2017-11-01,117012035
2017-11-02,117547233.3
2017-11-03,118279091.9
2017-11-04,97176831.54
2017-11-05,84102806.45
2017-11-06,114184917.7
2017-11-07,118212787.5
2017-11-08,116215103.5
2017-11-09,117251580.6
2017-11-10,118284861.6
2017-11-11,96895104.92
2017-11-12,83372833.55
2017-11-13,117157887.5
2017-11-14,122782191.2
2017-11-15,126522951.8
2017-11-16,128131572.9
2017-11-17,128208192.9
2017-11-18,105581274
2017-11-19,95455829.92
2017-11-20,128926189.4
2017-11-21,132639746.4
2017-11-22,132873116.6
2017-11-23,135174197.8
2017-11-24,134977625.5
2017-11-25,109887181.8
2017-11-26,98022355.11
2017-11-27,129963804.9
2017-11-28,130933040.4
2017-11-29,130903693.8
2017-11-30,135117839
2017-12-01,164178040.8
2017-12-02,122267321
2017-12-03,110805288.6
2017-12-04,161181628
2017-12-05,170934069
2017-12-06,170489829.9
2017-12-07,167399398.7
2017-12-08,170408747.1
2017-12-09,127310458.3
2017-12-10,114254347.5
2017-12-11,171811628
2017-12-12,178124252.7
2017-12-13,178231288.5
2017-12-14,177036563.1
2017-12-15,175044414
2017-12-16,131426601
2017-12-17,121566370.9
2017-12-18,172490421.1
2017-12-19,176253092.1
2017-12-20,173937342.5
2017-12-21,172725188.7
2017-12-22,169646179.6
2017-12-23,123928702.4
2017-12-24,114779860.3
2017-12-25,117867094.6
2017-12-26,170576139
2017-12-27,174411034.3
2017-12-28,171933840.6
2017-12-29,163300140.5
2017-12-30,119173938.7
2017-12-31,109339996
2018-01-01,107666573.8
2018-01-02,174098324.5
2018-01-03,179733216.5
2018-01-04,182251624.5
2018-01-05,179118890.3
2018-01-06,130727373
2018-01-07,119027740.2
2018-01-08,177544287.4
2018-01-09,182425256.8
2018-01-10,184800598.4
2018-01-11,190656136
2018-01-12,189688046.3
2018-01-13,136924150.2
2018-01-14,121339813.9
2018-01-15,173531848.2
2018-01-16,179128276.3
2018-01-17,174972836.6
2018-01-18,174871708.3
2018-01-19,175006814.1
2018-01-20,126659491.6
2018-01-21,116633199
2018-01-22,173750858.5
2018-01-23,187800614.4
2018-01-24,192336909
2018-01-25,195236357.3
2018-01-26,196193798.8
2018-01-27,142186447.2
2018-01-28,126063841.8
2018-01-29,188995160.8
2018-01-30,192615795.1
2018-01-31,188739062.4
2018-02-01,180873067.3
2018-02-02,179704903.6
2018-02-03,135863935.8
2018-02-04,126592059.3
2018-02-05,183837858.3
2018-02-06,188972913.2
2018-02-07,186353167.4
2018-02-08,184120449.6
2018-02-09,178669700.4
2018-02-10,133493503.3
2018-02-11,123611404
2018-02-12,181655182.7
2018-02-13,177645025
2018-02-14,162334766.4
2018-02-15,100579050.5
2018-02-16,84582770.01
2018-02-17,88690093.57
2018-02-18,99861675.54
2018-02-19,161123563.8
2018-02-20,170499200.6
2018-02-21,172597429.7
2018-02-22,170774758.8
2018-02-23,167574435.3
2018-02-24,123606113.1
2018-02-25,112215082.6
2018-02-26,162511125.8
2018-02-27,164280592.5
2018-02-28,166032837.4
2018-03-01,135560516.1
2018-03-02,164316207.5
2018-03-03,127584171.8
2018-03-04,114323160.1
2018-03-05,158621071.8
2018-03-06,160848594.2
2018-03-07,164054600.6
2018-03-08,167751902.8
2018-03-09,164647082
2018-03-10,130792363.8
2018-03-11,117008090.1
2018-03-12,155272197
2018-03-13,153901413.7
2018-03-14,149081237.8
2018-03-15,153687701.9
2018-03-16,155681435.3
2018-03-17,121933753.2
2018-03-18,111634087.7
2018-03-19,153109388
2018-03-20,158585112.5
2018-03-21,167302171.6
2018-03-22,159351082.3
2018-03-23,156888713.1
2018-03-24,126692133.2
2018-03-25,109257197.6
2018-03-26,146987980.4
2018-03-27,147721186.9
2018-03-28,145371417.8
2018-03-29,144949498.9
2018-03-30,142049769.8
2018-03-31,114370266.8
2018-04-01,106130063
2018-04-02,127169246.8
2018-04-03,130991166.3
2018-04-04,134126460.9
2018-04-05,138994571.5
2018-04-06,137420715.6
2018-04-07,121702162
2018-04-08,109926034.2
2018-04-09,130875248.9
2018-04-10,134489696.8
2018-04-11,132347379.4
2018-04-12,132945570.3
2018-04-13,133108042.2
2018-04-14,120122106.8
2018-04-15,106164992.9
2018-04-16,129662193.1
2018-04-17,134181041.8
2018-04-18,133093763.6
2018-04-19,133242287.5
2018-04-20,131992051.6
2018-04-21,114654279
2018-04-22,106912819.9
2018-04-23,134882587.9
2018-04-24,136999073.8
2018-04-25,133059725.1
2018-04-26,133707636
2018-04-27,130468074.2
2018-04-28,113490794.3
2018-04-29,105004676.1
2018-04-30,124218943.9
2018-05-01,108612162.9
2018-05-02,121396831.4
2018-05-03,118382744.7
2018-05-04,115976979.7
2018-05-05,97879696.23
2018-05-06,91138685.4
2018-05-07,99823394.49
2018-05-08,115038841.9
2018-05-09,118132158
2018-05-10,119380537.3
2018-05-11,116980032.1
2018-05-12,106236970.7
2018-05-13,92381627.18
2018-05-14,112424918.3
2018-05-15,120151940.3
2018-05-16,125298784.2
2018-05-17,126017713
2018-05-18,122185474.7
2018-05-19,98250711.33
2018-05-20,81500614.2
2018-05-21,104013043.9
2018-05-22,103924487.6
2018-05-23,114059295.1
2018-05-24,117678722.7
2018-05-25,115523582.2
2018-05-26,104427065.3
2018-05-27,97423968.09
2018-05-28,116221408.2
2018-05-29,121301087.3
2018-05-30,121361654.1
2018-05-31,117669243.7
2018-06-01,130590967.4
2018-06-02,104143781.2
2018-06-03,94255880.55
2018-06-04,129565449.8
2018-06-05,133796297.6
2018-06-06,111244774.2
2018-06-07,134207680.2
2018-06-08,132935362.2
2018-06-09,106203208.5
2018-06-10,91139799.16
2018-06-11,124886012.2
2018-06-12,130611835.7
2018-06-13,110811104
2018-06-14,129462064
2018-06-15,129155102.9
2018-06-16,102449560.2
2018-06-17,92503710.49
2018-06-18,129781595.3
2018-06-19,134930524
2018-06-20,134468601.8
2018-06-21,134585960.9
2018-06-22,134719282.6
2018-06-23,107824671.6
2018-06-24,95347200.1
2018-06-25,133838031.7
2018-06-26,138467118.3
2018-06-27,137052647
2018-06-28,137581487.8
2018-06-29,137839014.6
2018-06-30,108730299
2018-07-01,97339326.28
2018-07-02,145867001.1
2018-07-03,154655746.9
2018-07-04,156353584.9
2018-07-05,154656116.6
2018-07-06,148315885.6
2018-07-07,105226885.9
2018-07-08,85908328.68
2018-07-09,139654255.6
2018-07-10,149924304.9
2018-07-11,155482267.3
2018-07-12,160046699.2
2018-07-13,161384178
2018-07-14,120204377.4
2018-07-15,106149748.2
2018-07-16,164183356.8
2018-07-17,171537626.8
2018-07-18,171954255.2
2018-07-19,174077956.1
2018-07-20,176472312.2
2018-07-21,133594044.7
2018-07-22,119031383
2018-07-23,173543717.7
2018-07-24,183541290.4
2018-07-25,181490799
2018-07-26,187147151.5
2018-07-27,186436301
2018-07-28,139094443.8
2018-07-29,121037842.5
2018-07-30,163053659.3
2018-07-31,168944019.8
2018-08-01,162162592
2018-08-02,161434056.1
2018-08-03,162681615.3
2018-08-04,148810960.9
2018-08-05,140497691.1
2018-08-06,188770307.8
2018-08-07,196093124.5
2018-08-08,196029826.8
2018-08-09,194953306.4
2018-08-10,193449676.6
2018-08-11,141234676.6
2018-08-12,129238368.3
2018-08-13,180170789.2
2018-08-14,185801609.5
2018-08-15,149445747.5
2018-08-16,176028620.3
2018-08-17,166410855.8
2018-08-18,124797801
2018-08-19,114760911.4
2018-08-20,167895815.9
2018-08-21,170568686.3
2018-08-22,176885551.3
2018-08-23,176727978.9
2018-08-24,169627913.1
2018-08-25,125905439.5
2018-08-26,110400199.3
2018-08-27,158177852.5
2018-08-28,181660582.1
2018-08-29,182453928.4
2018-08-30,185760216.4
2018-08-31,180168870.7
2018-09-01,109833430
2018-09-02,94456395.05
2018-09-03,135833009.1
2018-09-04,138835662.8
2018-09-05,136150111
2018-09-06,137974850.1
2018-09-07,133874308.4
2018-09-08,104050183.9
2018-09-09,91053690.29
2018-09-10,126149521.3
2018-09-11,129495207.4
2018-09-12,130548946.4
2018-09-13,134315927
2018-09-14,133953796.4
2018-09-15,107756252.4
2018-09-16,92251640.4
2018-09-17,124937393.5
2018-09-18,129891911.4
2018-09-19,129550109.1
2018-09-20,128494728.6
2018-09-21,125132623.7
2018-09-22,90949607.08
2018-09-23,68392066.58
2018-09-24,62577021.03
2018-09-25,67220112.55
2018-09-26,79039801.45
2018-09-27,115301135.1
2018-09-28,124437382.3
2018-09-29,102335923.5
2018-09-30,92280621.9
2018-10-01,115519310.4
2018-10-02,119295267.3
2018-10-03,110308914.3
2018-10-04,120062830.7
2018-10-05,123500138.6
2018-10-06,109938152.2
2018-10-07,96223789.34
2018-10-08,114585492.2
2018-10-09,113321633.2
2018-10-10,121327097.9
2018-10-11,122153905.6
2018-10-12,122152277.2
2018-10-13,105553041.4
2018-10-14,95091004.2
2018-10-15,117510559.2
2018-10-16,124457698.7
2018-10-17,122797511.2
2018-10-18,124094637.2
2018-10-19,123570699.5
2018-10-20,107525784.6
2018-10-21,97751800.92
2018-10-22,120291650.4
2018-10-23,125799708.9
2018-10-24,124021735.9
2018-10-25,123058406.6
2018-10-26,125947321.3
2018-10-27,107888725
2018-10-28,98221245.96
2018-10-29,121280512.3
2018-10-30,126907162.4
2018-10-31,127539919.1
2018-11-01,136424831.4
2018-11-02,133176290.5
2018-11-03,110752603.6
2018-11-04,97489868.41
2018-11-05,129087851.1
2018-11-06,135117336.1
2018-11-07,136948828.6
2018-11-08,138491231.5
2018-11-09,135382446.2
2018-11-10,109796210.9
2018-11-11,99565794.6
2018-11-12,130151112.4
2018-11-13,134487543.3
2018-11-14,135007289
2018-11-15,136834299
2018-11-16,136978894
2018-11-17,111032850.6
2018-11-18,102655473.9
2018-11-19,135702898.3
2018-11-20,142056477.5
2018-11-21,144864026
2018-11-22,147042069.7
2018-11-23,148654379.1
2018-11-24,121953098.1
2018-11-25,107277973.7
2018-11-26,140181114.2
2018-11-27,143183820.5
2018-11-28,144537582.7
2018-11-29,147372129.6
2018-11-30,145485442.1
2018-12-01,127989363.4
2018-12-02,114228051.2
2018-12-03,167948653.6
2018-12-04,173090593.1
2018-12-05,178991854.9
2018-12-06,180269123.8
2018-12-07,193670989.3
2018-12-08,143489628.1
2018-12-09,129665418.2
2018-12-10,188843000.8
2018-12-11,196617860.7
2018-12-12,194540362.1
2018-12-13,196860775.6
2018-12-14,196718431.8
2018-12-15,143545450.7
2018-12-16,130678967
2018-12-17,187616735.4
2018-12-18,189478843.4
2018-12-19,186548082.8
2018-12-20,186037229.6
2018-12-21,183301900.7
2018-12-22,133488336.7
2018-12-23,120383038.6
2018-12-24,177197920.3
2018-12-25,134629690.4
2018-12-26,184334185.9
2018-12-27,196680017.4
2018-12-28,198377227
2018-12-29,144986843
2018-12-30,131479070.1
2018-12-31,170874001.7
2019-01-01,124082352.5
2019-01-02,201487302
2019-01-03,205709284.8
2019-01-04,207399832.6
2019-01-05,145697035.7
2019-01-06,131869700
2019-01-07,201519043.3
2019-01-08,207409936
2019-01-09,210085856.5
2019-01-10,211735512.7
2019-01-11,204535225.2
2019-01-12,146222608.4
2019-01-13,133103292.7
2019-01-14,201688521.1
2019-01-15,208855041.6
2019-01-16,214154309.8
2019-01-17,209901106.8
2019-01-18,205238058.3
2019-01-19,146423033.1
2019-01-20,133538956.7
2019-01-21,204837151.9
2019-01-22,204522934
2019-01-23,202743265.8
2019-01-24,203831173.2
2019-01-25,205001064.4
2019-01-26,150359633.8
2019-01-27,137806628.4
2019-01-28,200586390.6
2019-01-29,205990133.5
2019-01-30,203576686
2019-01-31,208800231.5
2019-02-01,193004551.5
2019-02-02,137587632.9
2019-02-03,118135653.5
2019-02-04,101420256.5
2019-02-05,87268044.64
2019-02-06,96437211.9
2019-02-07,173793489.4
2019-02-08,189524172.4
2019-02-09,145242292.4
2019-02-10,136019968.8
2019-02-11,194235945.9
2019-02-12,196026786.1
2019-02-13,195579996.3
2019-02-14,195190622.2
2019-02-15,195474303.2
2019-02-16,145144740.8
2019-02-17,130095962.3
2019-02-18,190263585.6
2019-02-19,195551187.8
2019-02-20,191323164.3
2019-02-21,187740604
2019-02-22,185428831.3
2019-02-23,134185907.6
2019-02-24,119905699.2
2019-02-25,176798177.5
2019-02-26,179297805.5
2019-02-27,177887512.1
2019-02-28,184199705
2019-03-01,134593263.3
2019-03-02,123900932
2019-03-03,117244545.9
2019-03-04,155581691
2019-03-05,161899727.9
2019-03-06,161182528.8
2019-03-07,161080914.9
2019-03-08,158432861
2019-03-09,129270144.6
2019-03-10,119150496.1
2019-03-11,156561921.3
2019-03-12,164460743
2019-03-13,165276849.9
2019-03-14,164547099.7
2019-03-15,166142418
2019-03-16,133267888.7
2019-03-17,120348608.8
2019-03-18,158026732.5
2019-03-19,157432642.1
2019-03-20,160752820
2019-03-21,161145029.7
2019-03-22,160587357.1
2019-03-23,131740704
2019-03-24,117653393.3
2019-03-25,155914171.1
2019-03-26,153069726.7
2019-03-27,152592337.1
2019-03-28,152399499.5
2019-03-29,149446889
2019-03-30,126117593.7
2019-03-31,115097319.6
2019-04-01,129704538.5
2019-04-02,133739537.5
2019-04-03,134233838
2019-04-04,131844523.7
2019-04-05,129438645
2019-04-06,112156604.3
2019-04-07,102931964.8
2019-04-08,123481772.9
2019-04-09,133207397.2
2019-04-10,138026373.4
2019-04-11,132334612.5
2019-04-12,126296280.2
2019-04-13,110227382.9
2019-04-14,102805789.6
2019-04-15,123794212.7
2019-04-16,126615592.2
2019-04-17,126849382.5
2019-04-18,127530736.1
2019-04-19,126829923
2019-04-20,108012571.1
2019-04-21,95815710.28
2019-04-22,119574296.1
2019-04-23,127744084.4
2019-04-24,126921489.9
2019-04-25,129941231.9
2019-04-26,131766228.9
2019-04-27,109608263.5
2019-04-28,103802978.7
2019-04-29,130632120.4
2019-04-30,130830966.1
2019-05-01,106151464.6
2019-05-02,115121268.9
2019-05-03,115165474.5
2019-05-04,100397174.4
2019-05-05,94774082.48
2019-05-06,101023712.5
2019-05-07,113688741.3
2019-05-08,116686083.3
2019-05-09,116172232.3
2019-05-10,115853984.8
2019-05-11,101676524.3
2019-05-12,93697416.59
2019-05-13,113953685.5
2019-05-14,117882789.4
2019-05-15,118061764.7
2019-05-16,118143573.5
2019-05-17,118482714.3
2019-05-18,104359768.2
2019-05-19,93651596.86
2019-05-20,111566284.7
2019-05-21,114205300.2
2019-05-22,114616074.5
2019-05-23,116614012.2
2019-05-24,119243095.5
2019-05-25,105619953.2
2019-05-26,95448393.19
2019-05-27,115990096.5
2019-05-28,115266010.5
2019-05-29,115840443.3
2019-05-30,117055124.8
2019-05-31,114655984.2
2019-06-01,88630908.16
2019-06-02,79000334.23
2019-06-03,108928975.5
2019-06-04,113853740
2019-06-05,114997513
2019-06-06,98368506.33
2019-06-07,108406190.9
2019-06-08,88440165.98
2019-06-09,79458902.98
2019-06-10,107108588.1
2019-06-11,111335782.4
2019-06-12,111669770.6
2019-06-13,113254892.3
2019-06-14,114449164.4
2019-06-15,92566979.1
2019-06-16,81794132.53
2019-06-17,111593587.8
2019-06-18,117490650.1
2019-06-19,118508280.8
2019-06-20,120237659.4
2019-06-21,118459758.1
2019-06-22,94414359.34
2019-06-23,81188052.68
2019-06-24,113493546.1
2019-06-25,120831324.7
2019-06-26,121256067.7
2019-06-27,123652080.4
2019-06-28,122356891.9
2019-06-29,99142279.08
2019-06-30,87956549.77
2019-07-01,156835306.6
2019-07-02,159879466.1
2019-07-03,160501932.2
2019-07-04,162219070.2
2019-07-05,162879537.6
2019-07-06,120747622.7
2019-07-07,108024935.4
2019-07-08,157597752.2
2019-07-09,162949931
2019-07-10,162045861.7
2019-07-11,163475583.4
2019-07-12,162950070.5
2019-07-13,121333441.2
2019-07-14,110807268.7
2019-07-15,161770744.1
2019-07-16,166294271.5
2019-07-17,168381938.9
2019-07-18,170313871.1
2019-07-19,173012597.9
2019-07-20,129462648.9
2019-07-21,117453502.1
2019-07-22,170490957.4
2019-07-23,178014689.1
2019-07-24,178499802.8
2019-07-25,179465464.3
2019-07-26,177325320.9
2019-07-27,133554483.2
2019-07-28,122894275.2
2019-07-29,170556764.9
2019-07-30,175230383.9
2019-07-31,172557044.4
2019-08-01,158362743.8
2019-08-02,157054943.3
2019-08-03,119208334.7
2019-08-04,113720601
2019-08-05,162230331.1
2019-08-06,167089985.9
2019-08-07,162931396.4
2019-08-08,167725569.9
2019-08-09,169142703.5
2019-08-10,128062220.1
2019-08-11,117546942.5
2019-08-12,170247648.5
2019-08-13,178706262.7
2019-08-14,179584907
2019-08-15,132505185.4
2019-08-16,164873972.8
2019-08-17,119031434
2019-08-18,106783719.3
2019-08-19,158670521.9
2019-08-20,166577030.6
2019-08-21,167843969.4
2019-08-22,166227888.9
2019-08-23,160669104.8
2019-08-24,110769363.6
2019-08-25,98899081.51
2019-08-26,152966823.2
2019-08-27,158595713.3
2019-08-28,161073432.5
2019-08-29,158613556
2019-08-30,154058493.9
2019-08-31,108922097.3
2019-09-01,90742160.08
2019-09-02,124674363.2
2019-09-03,131863050.1
2019-09-04,133708699.5
2019-09-05,135386072.9
2019-09-06,137469517.9
2019-09-07,111688769.4
2019-09-08,98918012.27
2019-09-09,132211530.7
2019-09-10,138093391.2
2019-09-11,127773129
2019-09-12,85457818.53
2019-09-13,72974915.35
2019-09-14,78048310.94
2019-09-15,83600577.51
2019-09-16,118804542.3
2019-09-17,125994969.4
2019-09-18,125456793.1
2019-09-19,121128230.7
2019-09-20,120449540.5
2019-09-21,100771569.1
2019-09-22,90798295.53
2019-09-23,115681373.6
2019-09-24,117867832.9
2019-09-25,120131792
2019-09-26,121950737.2
2019-09-27,123047467.5
2019-09-28,104218131.6
2019-09-29,94518279.77
2019-09-30,123192979.7
2019-10-01,129625804.9
2019-10-02,129433154.6
2019-10-03,116601364.3
2019-10-04,118638336.9
2019-10-05,106190805.5
2019-10-06,85474167.23
2019-10-07,115286786.3
2019-10-08,119876640.7
2019-10-09,108033090.1
2019-10-10,113426429
2019-10-11,114190540.5
2019-10-12,100282742.4
2019-10-13,83510491.27
2019-10-14,108306474
2019-10-15,115792758.1
2019-10-16,115303531.6
2019-10-17,115887687.8
2019-10-18,116366409.9
2019-10-19,96395645.19
2019-10-20,81108165.83
2019-10-21,109593875.9
2019-10-22,116308836.7
2019-10-23,117728621.4
2019-10-24,116133449.6
2019-10-25,115560204.3
2019-10-26,100073267.2
2019-10-27,82992883.81
2019-10-28,110220829
2019-10-29,117728706.8
2019-10-30,119336222.8
2019-10-31,120743673
2019-11-01,118697902.5
2019-11-02,98588472.85
2019-11-03,87545798.96
2019-11-04,116133508
2019-11-05,121035736.2
2019-11-06,121596164.1
2019-11-07,122091216.7
2019-11-08,124057659.6
2019-11-09,102974609.5
2019-11-10,94857097.17
2019-11-11,120381523.8
2019-11-12,125349322
2019-11-13,138960248
2019-11-14,141582754
2019-11-15,141042042
2019-11-16,115355636.1
2019-11-17,106139780.4
2019-11-18,137730551
2019-11-19,145967121.7
2019-11-20,147453785.5
2019-11-21,146864124.8
2019-11-22,140185840.6
2019-11-23,116559817
2019-11-24,107280394.6
2019-11-25,140881455.8
2019-11-26,143392734.1
2019-11-27,146072822.9
2019-11-28,150888370.3
2019-11-29,150150943.6
2019-11-30,124531765.6
2019-12-01,108843571.5
2019-12-02,160414188.8
2019-12-03,167579579.4
2019-12-04,165573701.8
2019-12-05,171948173.8
2019-12-06,176427072.8
2019-12-07,126189707.5
2019-12-08,113659190.8
2019-12-09,168968989.9
2019-12-10,168710505.9
2019-12-11,168437999.4
2019-12-12,171336190.1
2019-12-13,169768442.6
2019-12-14,120987189
2019-12-15,110279608.7
2019-12-16,163047586.6
2019-12-17,166312605.5
2019-12-18,167931209.8
2019-12-19,169363960.1
2019-12-20,169289403.5
2019-12-21,125353847.9
2019-12-22,113533995
2019-12-23,165097777
2019-12-24,166954265.3
2019-12-25,120746364.3
2019-12-26,167846077
2019-12-27,168087496.9
2019-12-28,121346511.5
2019-12-29,112499505
2019-12-30,161660846.9
2019-12-31,163746829
